任务Id,是否手工完成,任务名称,任务内容,级别限制,年龄限制,阵营限制,性别限制,职业限制,婚姻限制,发放任务的NPC,任务类型,任务性质,发放任务对话,杀戮要求,搜寻要求,传送要求,完成时间限制,验收任务的NPC,任务完成之前对话内容,任务完成之后NPC答复,任务奖励经验值,任务奖励金钱,任务奖励物品id,是否可重复完成,任务前续,力量限制,智力限制,敏捷限制,绝对限制,任务入口,任务出口
1,n,新手历练,杀掉沙虫、夜莺、毒雾火蛇、黄沙蜥蜴各1只之后找赵公明复命,1,,妖魔,,,,jinaodao/zhaogongming400,kill,,欢迎加入妖魔的行列，我这里有很多工作需要你帮助我完成，不过在派遣任务之前，你需要证明一下你的实力，去杀一些野外的生物吧。消灭沙虫、夜莺、毒雾火蛇、黄沙蜥蜴各1只,沙虫:1|夜莺:1|毒雾火蛇:1|黄沙蜥蜴:1,,,,jinaodao/zhaogongming400,这么点小工作你都完成不了吗？,不错，看来你还是有一定实力的。,120,120,,,,0,0,0,0,null,null
2,n,重要的材料,收集2个沙虫的卵之后找赵公明复命,1,,妖魔,,,,jinaodao/zhaogongming400,find,,我需要一些沙虫的卵用来炼制药材，帮我收集2个就够了,,沙虫的卵:2,,,jinaodao/zhaogongming400,还没收集够我需要的材料吗？,恩，这些食物就给你作为奖励吧,120,120,food/ganliang:5|water/qingquanshui:5,1,1,0,0,0,0,null,null
3,n,一瓶毒液,杀掉毒雾火蛇，采集1瓶最精纯的蛇毒之后找赵公明复命,3,,妖魔,,,,jinaodao/zhaogongming400,find,,帮我从村外的毒雾火蛇身上采集一瓶毒液，记得我只要最纯正的毒液，这个东西可能很难搞到哦。,,精纯的蛇毒:1,,,jinaodao/zhaogongming400,你还没收集到毒液吗？看来你的运气确实不怎么样呢。,就是这个，你的手脚挺快的吗。,240,240,,,1,0,0,0,0,null,null
4,n,被窃的信件,寻回被窃的机密竹简之后找赵公明复命,3,,妖魔,,,,jinaodao/zhaogongming400,find,,我们有一封重要的机密竹简被天仙教的那些杂碎偷走了，麻烦你一定要把他夺回来。,,机密竹简:1,,,jinaodao/zhaogongming400,这个竹简对我们很重要，请你尽快去寻找。,辛苦你了，幸好竹简没被毁掉。,240,240,,,2,0,0,0,0,null,null
5,n,排除异己,杀掉20个游魂之后找赵公明复命,5,,妖魔,,,,jinaodao/zhaogongming400,kill,,最近鬼界的人总来骚扰我们，杀掉他们的那些游魂，让他们知道我们的厉害。,游魂:20,,,,jinaodao/zhaogongming400,快去做你应该做的事。,这次看那些鬼魂还敢不敢来骚扰我们。,480,360,,,3,0,0,0,0,null,null
6,n,收割！,收集3个天仙教徽章之后找赵公明复命,5,,妖魔,,,,jinaodao/zhaogongming400,find,,现在是我们报复的时候了，去杀掉那些天仙教的杂碎，把他们的徽章拿回来给我。,,天仙教徽章:3,,,jinaodao/zhaogongming400,这个任务并不难吧，请你快去完成他。,这次只是给他们一点小教训。,480,360,,,4,0,0,0,0,null,null
7,n,教主大人,去碧游宫面见通天教主,7,,妖魔,,,,jinaodao/zhaogongming400,send,,从这里一直往南走就可以到碧游宫了，去面见一下教主大人吧，顺便传达一下我的问候。,,,,,jinaodao/tongtianjiaozhu999,你是那来的小妖？,赵公明介绍你来见我的？看来他选人的眼光越来越不行了，现在的你还不够给那些虚伪的仙人们塞牙缝的。,720,480,,,6,0,0,0,0,null,null
8,n,妖本是仙,去十君殿找王天君,7,,妖魔,,,,jinaodao/tongtianjiaozhu999,send,,现在的你还不配接受我给你的任务，你去找王天君吧，他会安排一些你这样的小妖可以做的任务。,,,,,jinaodao/wangtianjun400,你的面孔很生疏啊。,真是奇怪，教主怎么会收留你这种没有实力的妖魔？既然你到我这里来了，那就听候安排吧你。,720,480,,,,0,0,0,0,null,null
9,n,化妖之路,挖到8个鬼灵精华之后找王天君复命,9,,妖魔,,,,jinaodao/wangtianjun400,find,,看在赵公明举荐你的份上，我帮你炼化一把兵器吧，不过兵器的材料需要你自己去寻找了，在那些高级游魂的身上挖到八块鬼灵精华来给我。,,鬼灵精华:8,,,jinaodao/wangtianjun400,收集不到足够的物品，我是没法给你炼化妖器的。,好了，拿着吧，好好利用它。,1200,600,taskaward/huaxueshendao:1,,8,0,0,0,0,null,null
10,n,金鳌的秘密,杀掉散仙、道士、修真士、力士各10个之后找王天君复命,9,,妖魔,,,,jinaodao/wangtianjun400,kill,,十绝幻阵那里有很多俘虏来的低级修道者，你去拿他们练练手吧，完成任务后我会告诉你一点只有我们妖魔才可以知道的秘密。,散仙:10|道士:10|修真士:10|力士:10,,,,jinaodao/wangtianjun400,任务不完成的话，你不可能从我这里套到任何消息。,安静的听我和你说，其实我们妖魔和人类一样也是修仙的。当然，这个名词是那些虚伪人类发明的，但是本质上是一样的，不管是人类还是妖魔，我们的修炼方式都是相同的，而且我们的教主大人和人类的领袖还是师兄弟。但是人类那些家伙从来都是骄傲自大，自以为是，他们是怕我们妖魔修炼之后影响到他们万物之长的地位，所以才打击我们的势力，所以你要记住，以后遇到那些虚伪的家伙不用手软，让他们知道知道，我们妖魔并不是好惹的！！,1200,600,,,8,0,0,0,0,null,null
11,n,小试牛刀,消灭钦原、霜狼、土蝼、食肉蝙蝠各1只之后找道德真君复命,1,,人类,,,,kunlunshan/daodezhenjun400,kill,,看来昆仑山又多了一个小道士啊，你如果真的想成为一个正式的仙人，那就去消灭几个野兽来证明你的实力吧。,钦原:1|霜狼:1|土蝼:1|食肉蝙蝠:1,,,,kunlunshan/daodezhenjun400,快去快回，路上注意安全。,你表现的不错。,120,120,,,,0,0,0,0,null,null
12,n,收集物资,收集2个钦原的羽毛之后找道德真君复命,1,,人类,,,,kunlunshan/daodezhenjun400,find,,现在需要考验一下你的采集能力，帮我收集2支钦原的羽毛来吧。,,钦原的羽毛:2,,,kunlunshan/daodezhenjun400,我需要的材料还没收集够吗？,多谢你的帮助，这里有一些疗伤药你拿去用吧。,120,120,food/ganliang:5|water/qingquanshui:5,1,11,0,0,0,0,null,null
13,n,清理山门,消灭3个天仙教妖道之后找道德真君复命,3,,人类,,,,kunlunshan/daodezhenjun400,kill,,天仙教的那些叛逆经常在我们村外惹事，麻烦你去教训教训他们。,天仙教妖道:3,,,,kunlunshan/daodezhenjun400,注意那些叛徒，他们都是很狡猾的。,这次的任务完成的很好。,240,240,,,11,0,0,0,0,null,null
14,n,一颗仙草,找到1棵云台灵芝之后找道德真君复命,3,,人类,,,,kunlunshan/daodezhenjun400,find,,我需要你帮我找到一棵珍贵的灵芝菜，听说土蝼这种巨大的昆虫最爱收藏各类奇珍异草。,,云台灵芝:1,,,kunlunshan/daodezhenjun400,还没找到我要的草药吗？,有了这棵云台灵芝，我的青云丹马上就可以炼制成功了。,240,240,,,12,0,0,0,0,null,null
15,n,昆仑山的毒瘤,消灭5个无脑僵尸之后找道德真君复命,5,,人类,,,,kunlunshan/daodezhenjun400,kill,,有个棘手的事情需要你帮忙，最近妖魔的毒液使那些死去的尸体都复活了，去清除一下村外的那些无脑僵尸。,无脑僵尸:5,,,,kunlunshan/daodezhenjun400,请速去清理那些僵尸，否则他们会攻击普通百姓的。,任务完成的不错，看的出来你又成长了不少。,480,360,,,13,0,0,0,0,null,null
16,n,雾里仙山,为道德真君传信给玉虚宫的原始天尊,5,,人类,,,,kunlunshan/daodezhenjun400,send,,你在这里已经修炼很久了，我现在需要你帮我去给我师傅原始天尊传个话，你去昆仑山上找他吧。,,,,,kunlunshan/yuanshitianzun999,从仙之道是很清苦的。,来到玉虚宫就是我昆仑的弟子了，希望你能好好修炼。,480,360,,,15,0,0,0,0,null,null
17,n,门下弟子,去找太乙真人报道,7,,人类,,,,kunlunshan/yuanshitianzun999,send,,你去找太乙真人吧，他会安排你进行修炼的,,,,,kunlunshan/taijizhenren400,看来我又要有事情做了。,欢迎你加入昆仑山，从今天起，你就跟着我好好修炼吧。,720,480,,,,0,0,0,0,null,null
18,n,新的开始,寻找3颗霜狼银牙之后找太乙真人复命,7,,人类,,,,kunlunshan/taijizhenren400,find,,霜狼银牙是我们昆仑山上特有的材料，只有最强壮的霜狼才有可能掉落银牙，你去帮我找一颗来吧。,,霜狼银牙:3,,,kunlunshan/taijizhenren400,小心别被狼给吃了，霜狼是很凶的。,这银牙可真漂亮。,720,480,,,17,0,0,0,0,null,null
19,n,昆仑山的修炼,收集10个影石之后找太乙真人复命,9,,人类,,,,kunlunshan/taijizhenren400,find,,我会利用霜狼银牙为你打造一件武器，现在还需要大量的影石作为材料，清净坊那里的各类虚空傀儡都可以掉晶石。,,影石:10,,,kunlunshan/taijizhenren400,快去收集影石吧。,希望你早日修练有成。,1200,600,taskaward/xiangmochu:1,,18,0,0,0,0,null,null
20,n,从仙之道,消灭虚空幻影、无影幻兽、飘渺魔影、混沌巨鹰各10只之后找太乙真人复命,9,,人类,,,,kunlunshan/taijizhenren400,kill,,今天开始，你就要在昆仑修炼了，先去清净坊利用那里的影魅锻炼一下你的道法吧。,虚空幻影:10|无影幻兽:10|飘渺魔影:10|混沌巨鹰:10,,,,kunlunshan/taijizhenren400,你要加紧时间修炼啊，否则会被那些可恶的妖魔欺负的。,你现在已经算小有成就了。,1200,600,,,17,0,0,0,0,null,null
21,n,在金鳌岛的修炼,杀掉修真士、濒死诛仙、散仙、道士、力士、落魄剑仙各5个之后找王天军复命,10,,妖魔,,,,jinaodao/wangtianjun400,kill,,你从现在开始就要在金鳌岛这里修炼了，去十绝幻阵那里去修炼一番吧。,修真士:5|濒死诛仙:5|散仙:5|道士:5|力士:5|落魄剑仙:5,,,,jinaodao/wangtianjun400,你最好手脚快点。,恩，还算你有两下子,1200,800,,,,0,0,0,0,null,null
22,n,一些补给,去十绝幻阵杀昆仑门人收集30个头颅,11,,妖魔,,,,jinaodao/wangtianjun400,find,,教主给你们这些新教徒们准备了不少的物资，当然了，你想吃白食肯定是没戏的，去拿回30个昆仑门徒头颅来给我。,,昆仑门徒头颅:30,,,jinaodao/wangtianjun400,物资不多，你尽快完成任务来拿吧。,拿去吧，别辜负了教主的苦心,600,600,food/xiaohuandan:5|water/changqingshui:5,1,21,0,0,0,0,null,null
23,n,十绝幻阵,杀掉修真士、濒死诛仙、散仙、道士、力士、落魄剑仙各5个之后找王天军复命,12,,妖魔,,,,jinaodao/wangtianjun400,kill,,最近十绝幻阵那里堆积的人类有点多了，你去清理一下那些垃圾吧。,修真士:5|濒死诛仙:5|散仙:5|道士:5|力士:5|落魄剑仙:5,,,,jinaodao/wangtianjun400,快点去！！！,看来我们可以继续有空间去抓人了,800,800,,1,21,0,0,0,0,null,null
24,n,破剑,收集3把昆仑破剑,13,,妖魔,,,,jinaodao/wangtianjun400,find,,我对昆仑派的武器比较感兴趣，去看看幻阵那些人里谁带武器了，收集3把给我,,昆仑破剑:3,,,jinaodao/wangtianjun400,快点去！！！,已经都破烂成这样了，看来没什么价值了,1500,1100,,,21,0,0,0,0,null,null
25,n,成才,去找你的第一任师傅赵公明谈谈,14,,妖魔,,,,jinaodao/wangtianjun400,send,,你现在也算学有所成了，去找你的第一任师傅赵公明谈谈,,,,,jinaodao/zhaogongming400,别让你师傅等急了,我们妖魔又多了一员猛将啊。,1600,1200,,,24,0,0,0,0,null,null
26,n,出山！,去蜈蚣洞穴杀毒虫，拿回来1个虫头来找王天军复命,15,,妖魔,,,,jinaodao/wangtianjun400,find,,好，你可以下山历练了，到蜈蚣洞穴那里去随便杀一个小毒虫拿一个虫头来给我。,,虫头:1,,,jinaodao/wangtianjun400,快去完成任务吧。,有你帮忙我轻松多了。,1700,1300,,,25,0,0,0,0,null,null
27,n,毒虫之巢,杀掉赤血蜈蚣、青色毒蝎、蛆虫幼体、象鼻毒虫、百足蜈蚣、黑翅毒蜂各5个来找王天军复命,16,,妖魔,,,,jinaodao/wangtianjun400,kill,,看来我们金鳌岛后面的蜈蚣洞穴里的毒虫真不少呢，去清理清理,赤血蜈蚣:5|青色毒蝎:5|蛆虫幼体:5|象鼻毒虫:5|百足蜈蚣:5|黑翅毒蜂:5,,,,jinaodao/wangtianjun400,快去完成任务吧。,有你帮忙我轻松多了。,1800,1400,,,26,0,0,0,0,null,null
28,n,毒液袋,去蜈蚣洞穴收集20个毒液袋来找王天军复命,17,,妖魔,,,,jinaodao/wangtianjun400,find,,既然毒虫这么多，我正好需要毒液袋，你去帮我收集20个,,毒液袋:20,,,jinaodao/wangtianjun400,快去完成任务吧。,有你帮忙我轻松多了。,1000,1000,,1,26,0,0,0,0,null,null
29,n,巨大毒牙,去蜈蚣洞穴收集1个巨大的毒牙来找王天军复命,18,,妖魔,,,,jinaodao/wangtianjun400,find,,毒汁收集的不少了，我现在需要一滴巨大的毒牙，你在那些虫子里好好收集收集吧,,巨大毒牙:1,,,jinaodao/wangtianjun400,快去完成任务吧。,有你帮忙我轻松多了。,2000,1600,,,28,0,0,0,0,null,null
30,n,虫壳,去蜈蚣洞穴收集10个虫壳来找王天军复命,19,,妖魔,,,,jinaodao/wangtianjun400,find,,看来材料收集的都差不多，还少一些虫壳，你继续去帮我找来吧,,虫壳:10,,,jinaodao/wangtianjun400,快去完成任务吧。,有你帮忙我轻松多了。,1200,1200,,1,29,0,0,0,0,null,null
36,n,福寿山之路,杀掉樵夫、福寿村民、福寿守卫、小贩、农夫、妇女各5个后找王天军复命,15,,妖魔,,,,jinaodao/wangtianjun400,kill,,知道福寿山这个地方吗？那是距离我们最近的人类家园，去杀几个人类玩玩吧。,樵夫:5|福寿村民:5|福寿守卫:5|小贩:5|农夫:5|妇女:5,,,,jinaodao/wangtianjun400,快去完成任务吧。,让那些虚伪的人类知道知道厉害,1700,1300,,,25,0,0,0,0,null,null
37,n,仁慈！,收集30个妇女耳朵找王天军复命,16,,妖魔,,,,jinaodao/wangtianjun400,find,,人类拿我们当作妖孽，封杀我们的族人，现在我们要报复他们，杀掉那些妇女，把他们的耳朵拿来给我，记得，不要仁慈！！！！,,妇女耳朵:30,,,jinaodao/wangtianjun400,快去完成任务吧。,让那些虚伪的人类知道知道厉害,1800,1400,,,36,0,0,0,0,null,null
38,n,血洗福寿镇！,杀掉樵夫、小贩、农夫、妇女各10个后找王天军复命,17,,妖魔,,,,jinaodao/wangtianjun400,kill,,杀光福寿镇的平民！！,樵夫:10|小贩:10|农夫:10|妇女:10,,,,jinaodao/wangtianjun400,快去完成任务吧。,让那些虚伪的人类知道知道厉害,1000,1000,,1,36,0,0,0,0,null,null
39,n,昆仑山的密函,找到昆仑山的密函交给王天军,18,,妖魔,,,,jinaodao/wangtianjun400,find,,听说有人在福寿镇发现了昆仑山的密函，找到它，带给我,,昆仑山的密函:1,,,jinaodao/wangtianjun400,快去完成任务吧。,让那些虚伪的人类知道知道厉害,2000,1600,,,38,0,0,0,0,null,null
40,n,仙人骨,剔出1幅仙人骨带给王天军,19,,妖魔,,,,jinaodao/wangtianjun400,find,,原来昆仑山的仙人发现了福寿山里有人拥有仙人骨，要带这样的人上昆仑山修炼，把他们都杀掉，骨头剔出来带给我,,仙人骨:1,,,jinaodao/wangtianjun400,快去完成任务吧。,让那些虚伪的人类知道知道厉害,1200,1200,,1,39,0,0,0,0,null,null
41,n,在昆仑山的修炼,消灭无影幻兽、虚空幻影、飘渺魔影、混沌巨鹰各5个后找太乙真人复命,10,,人类,,,,kunlunshan/taijizhenren400,kill,,从今天开始你就要开始在昆仑山修炼了，去杀几个幻兽吧,无影幻兽:5|虚空幻影:5|飘渺魔影:5|混沌巨鹰:5,,,,kunlunshan/taijizhenren400,速去完成我交给你的任务吧,不错，你越来越成熟了,1200,800,,,,0,0,0,0,null,null
42,n,鹰嘴,收集15个混沌巨鹰的巨大鸟喙给太乙真人,11,,人类,,,,kunlunshan/taijizhenren400,find,,我需要你帮我收集15个巨鹰的喙,,巨鹰喙:15,,,kunlunshan/taijizhenren400,速去完成我交给你的任务吧,不错，你越来越成熟了,600,600,food/xiaohuandan:5|water/changqingshui:5,1,41,0,0,0,0,null,null
43,n,影子碎片,收集20个影子碎片给太乙真人,12,,人类,,,,kunlunshan/taijizhenren400,find,,在你修炼的时候顺便帮我收集一下那些虚影的碎片,,影子碎片:20,,,kunlunshan/taijizhenren400,速去完成我交给你的任务吧,不错，你越来越成熟了,800,800,,1,41,0,0,0,0,null,null
44,n,昆仑虚空,收集1个虚空精华带给太乙真人,13,,人类,,,,kunlunshan/taijizhenren400,find,,听说我们的那些用于训练的幻兽掉落一种虚空精华，帮我带一个来,,虚空精华:1,,,kunlunshan/taijizhenren400,速去完成我交给你的任务吧,不错，你越来越成熟了,1500,1100,,,43,0,0,0,0,null,null
45,n,出师,去找道德真君谈话,14,,人类,,,,kunlunshan/taijizhenren400,send,,你在昆仑山修炼已经很久了，去找道德真君去谈谈吧,,,,,kunlunshan/daodezhenjun400,速去完成我交给你的任务吧,你修炼的真够刻苦的，我很欣慰啊，你可以去十二仙境修炼了,1600,1200,,,44,0,0,0,0,null,null
46,n,欢迎来到太华山,去拿取1根雷鸟毛交给赤精子,15,,人类,,,,kunlunshan/chijingzi400,find,,欢迎你来到太华山，如果你想在我这里修炼的话，你要拿一只雷鸟毛交给我，我才会派任务给你,,雷鸟毛:1,,,kunlunshan/chijingzi400,速去完成我交给你的任务吧,不错，你越来越成熟了,1700,1300,,,,0,0,0,0,null,null
47,n,新的修炼,消灭清云兽、灵龟、雷鸟、伪龙各5个后找赤精子复命,16,,人类,,,,kunlunshan/chijingzi400,kill,,我们清三仙的境界内有不少你可以挑战的妖兽，你杀掉几个修炼一下吧,清云兽:5|灵龟:5|雷鸟:5|伪龙:5,,,,kunlunshan/chijingzi400,速去完成我交给你的任务吧,不错，你越来越成熟了,1800,1400,,,46,0,0,0,0,null,null
48,n,灵龟壳,收集15个灵龟之壳交给赤精子,17,,人类,,,,kunlunshan/chijingzi400,find,,清三仙山上的灵龟之壳是很好的药材，帮我收集15块来,,灵龟之壳:15,,,kunlunshan/chijingzi400,速去完成我交给你的任务吧,不错，你越来越成熟了,1000,1000,,1,46,0,0,0,0,null,null
49,n,龙骨,收集1个伪龙骨交给赤精子,18,,人类,,,,kunlunshan/chijingzi400,find,,伪龙的骨头和灵龟之壳一样是我们修炼丹药的主要材料，你去帮我收集一幅最好的来,,完美的伪龙骨:1,,,kunlunshan/chijingzi400,速去完成我交给你的任务吧,不错，你越来越成熟了,2000,1600,,,48,0,0,0,0,null,null
50,n,龙牙,收集30颗龙牙交给赤精子,19,,人类,,,,kunlunshan/chijingzi400,find,,我还需要大量的龙牙，收集30颗给我,,龙牙:30,,,kunlunshan/chijingzi400,速去完成我交给你的任务吧,不错，你越来越成熟了,1200,1200,,1,49,0,0,0,0,null,null
51,n,黄家墓地,消灭腐烂僵尸、荒野豺狼、腐蚀鸟、散架骷髅各5个之后找太乙真人复命,15,,人类,,,,kunlunshan/taijizhenren400,kill,,黄家庄的后墓听说最近出了很多的妖孽，去消灭他们,腐烂僵尸:5|荒野豺狼:5|腐蚀鸟:5|散架骷髅:5,,,,kunlunshan/taijizhenren400,速去完成我交给你的任务吧,不错，你越来越成熟了,1700,1300,,,,0,0,0,0,null,null
52,n,尸骸,收集30块尸骸交给太乙真人,16,,人类,,,,kunlunshan/taijizhenren400,find,,帮我收集点黄家庄墓地的尸骸，我要研究一下他们为什么又转活了,,尸骸:30,,,kunlunshan/taijizhenren400,速去完成我交给你的任务吧,不错，你越来越成熟了,1800,1400,,,51,0,0,0,0,null,null
53,n,腐蚀鸟毛,收集20个腐蚀鸟的毛交给太乙真人,17,,人类,,,,kunlunshan/taijizhenren400,find,,我想检查一下那些腐蚀鸟的情况，把他们的毛拿来给我,,腐蚀鸟毛:20,,,kunlunshan/taijizhenren400,速去完成我交给你的任务吧,不错，你越来越成熟了,1000,1000,,1,51,0,0,0,0,null,null
54,n,金鳌岛的妖孽,找到金鳌岛印记交给太乙真人,18,,人类,,,,kunlunshan/taijizhenren400,find,,我听说这些墓地内的妖魔和金鳌岛有关，你能帮我找到一些证据吗？,,金鳌岛印记:1,,,kunlunshan/taijizhenren400,速去完成我交给你的任务吧,不错，你越来越成熟了,2000,1600,,,53,0,0,0,0,null,null
55,n,清理墓地,消灭腐烂僵尸、荒野豺狼、腐蚀鸟、散架骷髅各10个之后找太乙真人复命,19,,人类,,,,kunlunshan/taijizhenren400,kill,,看来黄家墓地里已经被妖孽所占领了，请你帮忙把他们都清理掉,腐烂僵尸:10|荒野豺狼:10|腐蚀鸟:10|散架骷髅:10,,,,kunlunshan/taijizhenren400,速去完成我交给你的任务吧,不错，你越来越成熟了,1200,1200,,1,54,0,0,0,0,null,null
56,n,【特殊】天选之人,找到天庭信印，交付给原始天尊,20,,人类,,剑仙,,kunlunshan/yuanshitianzun999,find,,天庭的信印被【火云兽】盗取了，我正在寻找有能力的人帮我找回信印，我看你根骨不错，不知道你是否愿意帮我去夺回天庭信印呢？,,天庭信印:1,,,kunlunshan/yuanshitianzun999,想要拿到天庭异宝，你就快去完成我托付给你的事情,这件宝贝以后就是你的了，收下吧,3000,3000,taskaward/linglongqiqiaoxin:1,,,60,,,0,null,null
57,n,【特殊】人杰,找到木精髓，交付给原始天尊,20,,人类,,羽士,,kunlunshan/yuanshitianzun999,find,,我正在寻找最精粹的植物精髓，只有大智慧之人才有能力完成这样的任务，你正好是我需要的人才，你能帮我去取【百须树妖】的精髓吗？,,木精髓:1,,,kunlunshan/yuanshitianzun999,想要拿到天庭异宝，你就快去完成我托付给你的事情,这件宝贝以后就是你的了，收下吧,3000,3000,taskaward/fazaozhong:1,,,,60,,0,null,null
58,n,【特殊】仙骨,找到仙龙骨，交付给原始天尊,20,,人类,,诛仙,,kunlunshan/yuanshitianzun999,find,,凡人成仙需要具有仙人骨，飞龙升天也是一样的，现在昆仑山需要一条神龙护院，只有身手敏捷之人才可以制服蟠龙取得仙龙骨，你是否愿意帮我这个忙呢？,,仙龙骨:1,,,kunlunshan/yuanshitianzun999,想要拿到天庭异宝，你就快去完成我托付给你的事情,这件宝贝以后就是你的了，收下吧,3000,3000,taskaward/xingjiuzhan:1,,,,,60,0,null,null
59,n,【特殊】地煞之人,找到万毒赤胆，交付给通天教主,20,,妖魔,,狂妖,,jinaodao/tongtianjiaozhu999,find,,我早就听王天军提起过你，现在让你帮我去取得【巨毒蝎】的赤胆，快去快回吧,,万毒赤胆:1,,,jinaodao/tongtianjiaozhu999,速去做事，截教不养无能之人,这个拿去吧，算是你的报酬,3000,3000,taskaward/liewenyin:1,,,60,,,0,null,null
60,n,【特殊】妖冥,找到虫王幼体，交付给通天教主,20,,妖魔,,巫妖,,jinaodao/tongtianjiaozhu999,find,,我需要一名出色的巫妖帮我去炼化【尖牙蛆虫】取得里面的虫王幼体，你可以愿意尝试吗？,,虫王幼体:1,,,jinaodao/tongtianjiaozhu999,速去做事，截教不养无能之人,这个拿去吧，算是你的报酬,3000,3000,taskaward/wenhuangsan:1,,,,60,,0,null,null
61,n,【特殊】鬼神之能,找到毒龙精血，交付给通天教主,20,,妖魔,,影鬼,,jinaodao/tongtianjiaozhu999,find,,蜈蚣洞穴里的高级蜈蚣会掉落毒龙精血，我看你身手矫健，给你这个表现的机会。,,毒龙精血:1,,,jinaodao/tongtianjiaozhu999,速去做事，截教不养无能之人,这个拿去吧，算是你的报酬,3000,3000,taskaward/youhunwangufan:1,,,,,60,0,null,null
62,n,【特殊】求学,收集10个魔影的心交给原始天尊,9,,人类,,羽士,,kunlunshan/yuanshitianzun999,find,,年轻的羽士你好，看来你在昆仑的修炼已经有一段时间了，是时候让你知道一些秘密了，不过我需要你帮助我做一些事情才可以，去收集10个魔影的心。,,魔影的心:10,,,kunlunshan/yuanshitianzun999,速去速回吧！,任务完成得不错，这些给你作为奖励！,1000,1000,,,,0,0,0,0,null,null
63,n,【特殊】神奇的仙术,找到一根混沌巨鹰的翎羽交给原始天尊,9,,人类,,羽士,,kunlunshan/yuanshitianzun999,find,,现在是时候教导你一些简单的仙术了，去找混沌巨鹰的一根翎羽来，我要以此为笔把仙术传授与你。,,混沌巨鹰的翎羽:1,,,kunlunshan/yuanshitianzun999,速去速回吧！,任务完成得不错，这些给你作为奖励！,1000,1000,book/ningyehuawushu:1,,62,0,0,0,0,null,null
64,n,【特殊】妖术变化,收集10个散仙的魂魄交给通天教主,9,,妖魔,,巫妖,,jinaodao/tongtianjiaozhu999,find,,你小子化妖有一段时间了吧，竟然到现在都不会好好利用自己的妖法，如果你能帮我收集10个散仙的魂魄，我会考虑较你一些法术的。,,散仙的魂魄:10,,,jinaodao/tongtianjiaozhu999,速去速回吧！,任务完成得不错，这些给你作为奖励！,1000,1000,,,,0,0,0,0,null,null
65,n,【特殊】妖法与仙术,找到一个修真士的精魂交给通天教主,9,,妖魔,,巫妖,,jinaodao/tongtianjiaozhu999,find,,小子！虽然你已经很努力了，但是想要拿到真正的法术，你还需要继续替我卖命，再去找一个修真士的精魂给我,,修真士的精魂:1,,,jinaodao/tongtianjiaozhu999,速去速回吧！,任务完成得不错，这些给你作为奖励！,1000,1000,book/ningyehuawushu:1,,64,0,0,0,0,null,null
66,n,【特殊】风的气息,收集10个清云兽的鳞片交给原始天尊,19,,人类,,剑仙,,kunlunshan/yuanshitianzun999,find,,又一个无法御剑的剑仙，看来太乙的教导还是有缺陷啊，这样把你去采集10个清云兽的鳞片来给我，我会教你御剑之术,,清云兽的鳞片:10,,,kunlunshan/yuanshitianzun999,速去速回吧！,任务完成得不错，这些给你作为奖励！,2000,2000,,,,0,0,0,0,null,null
67,n,【特殊】剑仙！,找到一个灵龟的背甲交给原始天尊,19,,人类,,剑仙,,kunlunshan/yuanshitianzun999,find,,我还需要一份灵龟的背甲才能把这份秘籍完成,,灵龟的背甲:1,,,kunlunshan/yuanshitianzun999,速去速回吧！,从今天开始你才算是一名真正的剑仙！,2000,2000,book/yujianshu:1,,66,0,0,0,0,null,null
68,n,【特殊】影子,找到10个妇女的灵血交给通天教主,19,,妖魔,,影鬼,,jinaodao/tongtianjiaozhu999,find,,又一个鬼影，你看来还没有进化啊？想要知道怎么进化吗？给我拿10份妇女的灵血来，很久没喝过新鲜的人血了,,妇女的灵血:10,,,jinaodao/tongtianjiaozhu999,速去速回吧！,这血的味道真甜美啊！,2000,2000,,,,0,0,0,0,null,null
69,n,【特殊】虚幻的世界,找到一个黑翅毒蜂的金翅交给通天教主,19,,妖魔,,影鬼,,jinaodao/tongtianjiaozhu999,find,,恩，拿张黑翅毒蜂的金翅来，我会把秘密写在上面！,,黑翅毒蜂的金翅:1,,,jinaodao/tongtianjiaozhu999,速去速回吧！,又多了一个完美的刺客，哈哈！,2000,2000,book/yingdun:1,,68,0,0,0,0,null,null
70,n,污秽的镜湖,镜湖内的所有花妖，每种都消灭一只之后找殷郊复命,20,,,,,,liangjinghu/yinjiao60,kill,,原来这里是个很美丽的镜湖，现在已经被那些怪物给占领了，麻烦你去清扫一下那些花妖,玫瑰藤:1|桃花精怪:1|鬼蝴蝶:1|毒花婆婆:1|红眼美妇:1|娇媚花妖:1|水螅虫:1|小荷妖:1|食肉浮萍:1|荷花女:1|百眼莲蓬:1|毒藕怪:1,,,,liangjinghu/yinjiao60,早点清扫那些花妖，还镜湖一个清静吧,辛苦你了,5000,1000,,1,,0,0,0,0,null,null
71,n,太子宿命,在花妖的身上找到皇家徽记，交给殷郊,22,,,,,,liangjinghu/yinjiao60,find,,你知道吗，我和弟弟可是皇子，真正的皇子，可惜那是很久以前的事情了，你想听我们的故事吗，去找回我的皇家徽记，我就会告诉你,,皇家徽记:1,,,liangjinghu/yinjiao60,那个东西确实不好找哦,多谢你帮我找回了身份的象征，现在来听听我们的故事吧，我和弟弟是商朝的最后一任皇子，没错，纣王是我们的父亲，但是他却不念父子之情，杀害了我们的母后，我和弟弟被昆仑派的道人所救，想要学艺报仇！当我们学成下山的时候，那个恶道！我永远记得他的名字，申公豹！我和弟弟都被他给欺骗了，做出了违背师命的事情，哎，我们现在这样也是天命啊，我们俩要不死，殷商又怎么能覆灭呢，一切都是命运啊！好久没人来和我说话了，多谢你能听完我讲的故事。,6000,2000,,,70,0,0,0,0,null,null
72,n,兄弟情,帮殷郊带话给殷洪,24,,,,,,liangjinghu/yinjiao60,send,,我弟弟在这里滥杀无辜，请你帮我劝他跟我一起去封神台好不好,,,,,liangjinghu/guixianyinhong40,你一定要帮我劝说他,你也是来帮哥哥做说客的吧，我不会听你说话的，你滚远点,7000,2100,,,71,0,0,0,0,null,null
73,n,河怪们,镜湖内的所有河怪，每种都消灭一只之后找殷郊复命,26,,,,,,liangjinghu/yinjiao60,kill,,天啊，好多的河怪在湖的周围游荡，请你去帮帮我，别让那些河怪伤害到我的弟弟,白影:1|影子刺客:1|月光兽:1|阴霾水蛇:1|雾影蜻蜓:1|独臂鬼:1|巨钳龙虾:1|八足水妖:1|鲶鱼精:1|铁甲乌龟:1|缠人水草:1|六爪鳄:1,,,,liangjinghu/yinjiao60,早点清扫那些河怪，还镜湖一个清静吧,辛苦你了,8000,1100,,1,72,0,0,0,0,null,null
74,n,怪事,在河怪的身上找到记忆晶石，交给殷郊,28,,,,,,liangjinghu/yinjiao60,find,,最近镜湖内很不太平啊，好像发生了很多血案，你能帮我调查一下原因吗,,记忆晶石:1,,,liangjinghu/yinjiao60,杀掉那些河怪，拿去他的记忆晶石,原来是这样，太可怕了,9000,2300,,,73,0,0,0,0,null,null
75,n,镜湖凤云,杀掉镜湖内的所有精英怪物,30,,,,,,liangjinghu/yinjiao60,kill,,原来镜湖最近出现了很多厉害的怪物，请你去杀掉他们,莲花君子:1|荷花仙姑:1|阴阳鱼:1|月影枭兽:1,,,,liangjinghu/yinjiao60,记得不要手下留情,真的难以让人相信，那些怪物都死了，为什么镜湖的空气还是充满邪气,10000,2400,,,74,0,0,0,0,null,null
76,n,【特殊】兄弟,杀掉鬼仙殷洪，释放他的灵魂,35,,,,,,liangjinghu/yinjiao60,kill,,我的弟弟，那个最可爱的孩子，现在已经彻底迷失了他的心智，成为一名鬼仙，求求你帮我超度他好吗，我真的不忍心自己下手,鬼仙殷洪:1,,,,liangjinghu/yinjiao60,我的弟弟，他才是镜湖的怪物以来的力量之源，请不要顾及我的感受，下手吧,万分感谢，让殷洪的灵魂得到了解放，镜湖也终于得到了解放,15000,3000,taskaward/saoxiayi:1,,75,0,0,0,0,null,null
77,n,云里雾境,杀掉小云妖、水雾魔怪、彩梦鸟、素蛟龙各一只之后向赤云复命,25,,,,,,penglaishuige/chiyun60,kill,,欢迎来到蓬莱仙境，这里是仙境的前院蓬莱水阁，我们可不是让你来享清福的，去帮我杀掉那些云海里的小妖吧，我会付你报酬的。,小云妖:1|水雾魔怪:1|彩梦鸟:1|素蛟龙:1,,,,penglaishuige/chiyun60,还不快去，别在这混日子,手脚还挺快的，以后你就跟着姐姐我们混吧,3000,1000,,1,,0,0,0,0,null,null
78,n,彩凤发钗,在彩梦鸟身上找到赤云丢掉的发钗，交还给她,27,,,,,,penglaishuige/chiyun60,find,,那只可恶的鸟偷走了公主的发钗，帮我找回发钗吧，能为公主效命是你的荣幸,,破损的彩凤发钗:1,,,penglaishuige/chiyun60,还不快去，别在这混日子,发钗有点破损了，算了，旧的不去，新的不来，送给你做报酬了,7000,0,task/posundecaifengfachai:1,,77,0,0,0,0,null,null
79,n,霞女碧云,找碧云报道,29,,,,,,penglaishuige/chiyun60,send,,我对你的工作还算满意，不过暂时没什么事情再给你做了，去找碧云吧，她会有工作分派给你,,,,,penglaishuige/biyun60,怎么，你还舍不得我吗，呵呵？,赤云派你过来的？看来这次送来的新仆人素质还不错吗,4000,1100,,,78,0,0,0,0,null,null
80,n,开始卖命,杀掉天水乌贼、棉絮妖、云海蟹怪、逐浪火鹤、吞云兽、怒雷兽、翻云蟹、云虾各一只之后找碧云复命,31,,,,,,penglaishuige/biyun60,kill,,去做点事情吧，杀掉那些潜藏在云海深处的怪物，这是对所有新仆人的考察,天水乌贼:1|棉絮妖:1|云海蟹怪:1|逐浪火鹤:1|吞云兽:1|怒雷兽:1|翻云蟹:1|云虾:1,,,,penglaishuige/biyun60,你连这么点小事也做不了吗？,不错，我就喜欢听话的仆人,9000,1100,,1,79,0,0,0,0,null,null
81,n,又是发钗,把破损的彩凤发钗交给碧云,33,,,,,,penglaishuige/biyun60,find,,我听赤云那个败家子说彩凤发钗在你这里？交出来给我吧,,破损的彩凤发钗:1,,,penglaishuige/biyun60,你连这么点小事也做不了吗？,这个东西可是至宝，只需要稍微修理一下就可以再用了,5000,3500,,,80,0,0,0,0,null,null
82,n,云之精华,找到20个云之精华交给碧云,35,,,,,,penglaishuige/biyun60,find,,我现在需要修复发钗，去找20个云之精华给我，云海里的怪都会掉落的,,云之精华:20,,,penglaishuige/biyun60,你连这么点小事也做不了吗？,云海这里已经没什么事情给你做了,100000,5000,,,81,0,0,0,0,null,null
83,n,还魂精油,杀死黑白斑鱼、尖牙食肉鱼、影蝴蝶鱼，收集30袋鱼籽，交给南海龙王,40,,,,,,waihai/nanhailongwang400,find,,帮我找30袋鱼籽做还魂精油,,鱼籽:30,,,waihai/nanhailongwang400,我这儿等着精油救人呢，别拖沓!速速取来~,辛苦你了，还魂精油成功完成，下面的东西就作为奖励吧,10000,5000,,1,,0,0,0,0,null,null
84,n,孩子的乐趣,收集20个长藤海豆芽的芽孢给南海龙王,41,,,,,,waihai/nanhailongwang400,find,,小王子要芽孢，我也没办法，快去找吧…,,芽孢:20,,,waihai/nanhailongwang400,小王子时不时就跟我吵闹，你也不想看我被逼疯了吧，快去快回…,你可真是帮了我的大忙了，这些钱给你吧,15000,5000,,,,0,0,0,0,null,null
85,n,丢失的兵器,抢夺持戟人鱼的兵器20把,42,,,,,,waihai/nanhailongwang400,find,,最近兵器库丢失了20把铜戟，想是持戟人鱼偷走了，帮忙找回来吧.,,铜戟:20,,,waihai/nanhailongwang400,这不算难吧，不属于他们的东西，快去抢回来…,嗯，这次的任务完成的不错，兵器数总算是对上了.这些给你买点吃的吧.,20000,10000,,,,0,0,0,0,null,null
86,n,捉鬼记,捉拿20个海蜇幽魂魂魄和20个妖鲵恶灵灵魄,43,,,,,,waihai/nanhailongwang400,find,,海蜇幽魂和妖鲵恶灵天天晚上鬼哭狼嚎的，快消灭他们，把魂魄带给我处置.,,魂魄:20|灵魄:20,,,waihai/nanhailongwang400,严重休息不足，快解决他们,真是太感谢你了:),20000,10000,,,,0,0,0,0,null,null
87,n,王妃的首饰,需要20个螺壳做首饰，皱纹岩螺、圆伞银螺、枯骨螺都可以,42,,,,,,waihai/nanhaiwangfei400,find,,首饰太少了，自己做一点，先帮我找20个螺壳回来吧.,,螺壳:20,,,waihai/nanhaiwangfei400,这点小事都办不好，以后还怎么委以重用啊!,不错，初步取得了我对你的信任，继续加油吧!,20000,10000,,,,0,0,0,0,null,null
88,n,材料不够,需要15个无壳金口海螺的金螺口和15颗三齿凤凰螺的凤凰螺齿,43,,,,,,waihai/nanhaiwangfei400,find,,材料不够，你再去找点金螺口和凤凰螺齿给我,,金螺口:15|凤凰螺齿:15,,,waihai/nanhaiwangfei400,任务还没完成，回来见我干嘛?,这次任务完成的挺好，以后有什么事情就找你了.,25000,10000,,,87,0,0,0,0,null,null
89,n,最后一点要求,需要20颗珍珠和10瓶毒瘤精华,44,,,,,,waihai/nanhaiwangfei400,find,,最后还需要20颗珍珠做装饰，和10瓶毒瘤精华保养首饰.珍珠螺那里有，你去找些回来吧.,,珍珠:20|毒瘤精华:10,,,waihai/nanhaiwangfei400,最后一步，我的项链和手链就要完成了，快给我找回来啊~~,哈哈，终于完成了，闪着莹莹精华的光，真漂亮，我不会亏待你的.,30000,10000,,,88,0,0,0,0,null,null
90,n,格杀勿论,杀死30个周军兵卒和30个商军兵卒，找董天君复命,31,,,,,,muye/dongtianjun400,kill,,这些兵卒总是很麻烦，去杀了他们！,周军兵卒:30|商军兵卒:30,,,,muye/dongtianjun400,没完成任务不要来见我，快去！,任务完成的不错，给你点儿奖励吧,5000,3000,,1,,0,0,0,0,null,null
91,n,粗壮的手臂,杀死刀斧手，得到20条蓝色手臂,33,,,,,,muye/dongtianjun400,find,,我需要蓝色手臂提炼毒素，不管是商军还是周军，刀斧手死后的蓝色手臂最合适，快去吧！,,蓝色手臂:20,,,muye/dongtianjun400,快去快回吧！,干的不错，以后会重用你的！,6000,3500,,,,0,0,0,0,null,null
92,n,击碎的铠甲,杀死枪兵，抢夺他们身上的铠甲，需要15件,34,,,,,,muye/dongtianjun400,find,,那些枪兵没了铠甲就不行，我要研究研究，你给我找15件来！,,破损的铠甲:15,,,muye/dongtianjun400,没什么问题，还不快去！,挺好，给你些钱做损失费吧，以后好好干！,6000,3500,,,,0,0,0,0,null,null
93,n,铁蹄铮铮,杀死骑兵，寻找20个闪光的图腾马蹄,35,,,,,,muye/dongtianjun400,find,,骑兵骏马的图腾马蹄很有玄机，你去给我找20个来！,,图腾马蹄:20,,,muye/dongtianjun400,没完成回来干嘛？！快去！,真是辛苦你了！完成的很好啊！,7000,4000,,,,0,0,0,0,null,null
94,n,兽性大发,杀死30头水火毒兽，找姬旦复命,35,,,,,,muye/jidan400,kill,,水火毒兽在附近肆虐，赶快消灭他们！,水火毒兽:30,,,,muye/jidan400,没什么完成不了的，尽管去做吧！,辛苦你了，继续努力修行吧！,7500,4000,,1,,0,0,0,0,null,null
95,n,灵蛇毒信,杀死大岩蛇，割下他们有毒的信子,36,,,,,,muye/jidan400,find,,大岩蛇有毒的信子可以驱寒，去找25条给我,,蛇信子:25,,,muye/jidan400,速速取来！~,不错，以后有事情会找你的！,7500,4000,,,,0,0,0,0,null,null
96,n,奇怪的头颅,杀死巨岩怪，取得他们的头颅10颗,37,,,,,,muye/jidan400,find,,巨岩怪死后头颅会变成坚硬的石头，你去取来10颗,,岩石头颅:10,,,muye/jidan400,快去快回！,很不错，给你点奖励！,8000,3000,,,,0,0,0,0,null,null
97,n,石斧的诱惑,杀死石斧投手，抢夺他们手中的石斧20枚,37,,,,,,muye/jidan400,find,,石斧投手手中的石斧非常厉害，此去小心啊~,,石斧:20,,,muye/jidan400,确实比较难，但还是赶快去抢吧！,完成的不错，又多了些作战的经验啊！~,10000,2000,,,,0,0,0,0,null,null
98,n,洞穴灵水,杀死石颅穴居人和毒瘤穴居人，取得他们身上可能携带的灵水20瓶，找姬旦复命,38,,,,,,muye/jidan400,find,,石颅穴居人和毒瘤穴居人身上带着洞穴里才有的神奇灵水，杀死他们，取20瓶给我,,洞穴灵水:20,,,muye/jidan400,再努把力！~,任务完成的不错，继续努力吧！,8000,4500,,,,0,0,0,0,null,null
99,n,解救,杀死妖魔监军，释放200个俘虏，拿20条监军的皮鞭找姬旦复命,36,,人类,,,,muye/jidan400,find,,每个妖魔监军看管10个俘虏，只需要你释放200个俘虏，得到监军的10条皮鞭，你就立了大功了,,监军的皮鞭:10,,,muye/jidan400,活生生的人等着你救呢，在这儿晃悠什么？！,代表俘虏们感谢你！,10000,3000,,,,0,0,0,0,null,null
100,n,刺杀,杀死长剑妖将拿回盗走的兵书15部，杀死毒妖得到毒谱15部,37,,人类,,,,muye/jidan400,find,,长剑妖将偷了我们的兵书，毒妖窃了我们密室里的毒谱，你快去找回来~,,兵书:15|毒谱:15,,,muye/jidan400,这些书对我们很重要，你快去拿回来！,真是太感谢你了:),15000,4000,,,,0,0,0,0,null,null
101,n,简单任务,杀死重甲妖兵20名、妖兵俘虏20名、小妖兵20名后找姬旦复命,38,,人类,,,,muye/jidan400,kill,,这个任务比较简单，是历练你的时候了，快去吧！,重甲妖兵:20|妖兵俘虏:20|小妖兵:20,,,,muye/jidan400,还没完成么？这么简单的任务！,不错，以后会记得你的！,10000,3000,,1,,0,0,0,0,null,null
102,n,伏击,杀死残疾兵卒30名、仙人督军20名，找董天君复命,36,,妖魔,,,,muye/dongtianjun400,kill,,祝你成功！,残疾兵卒:30|仙人督军:20,,,,muye/dongtianjun400,这些都是敌人，别心软放过啊！~,你的经验又多了一些！,10000,3000,,1,,0,0,0,0,null,null
103,n,仙人的灵,去捉30个仙人的灵，落魄仙人和禁锢仙人是你的对手,37,,妖魔,,,,muye/dongtianjun400,find,,这个任务是有点难度，祝你好运！,,仙人的灵:30,,,muye/dongtianjun400,我不喜欢半途而废的人，你快去吧！,完成的很好，给你些钱吧~,10000,3500,,,,0,0,0,0,null,null
104,n,叛徒的信件,找到昆仑俘虏和昆仑劳役身上的叛徒的信件10封，回来找董天君复命,38,,妖魔,,,,muye/dongtianjun400,find,,昆仑俘虏和昆仑劳役中有背弃妖道的叛徒，他们有串谋的信件，你去搜来！~,,叛徒的信件:10,,,muye/dongtianjun400,继续努力吧！,完成的不错，年轻人真是不一样啊！,15000,4000,,,,0,0,0,0,null,null
105,n,造反派,杀死珊瑚虫骸、尖刺海松、千头虫、三刀海龟精、红树精各20名，找南海龙王复命,41,,,,,,waihai/nanhailongwang400,kill,,珊瑚虫骸、尖刺海松、千头虫、三刀海龟精、红树精联合起来，要造反，快去消灭他们！,珊瑚虫骸:20|尖刺海松:20|千头虫:20|三刀海龟精:20|红树精:20,,,,waihai/nanhailongwang400,再不去都打到龙宫了！,真是太感谢你了:),20000,6000,,,,0,0,0,0,null,null
106,n,飘逸的发带,从紫海带精身上取得20条紫色发带，从钉刺海葵那里找到20颗蓝色的心,39,,,,,,waihai/nanhaiwangfei400,find,,我非常喜欢紫海带精的紫色发带，要是还能装饰上钉刺海葵的蓝色闪光的心就太完美了，你去给我找来吧~,,紫色发带:20|蓝色的心:20,,,waihai/nanhaiwangfei400,这件事非常简单，快去快回吧！,发带真是太漂亮了，装饰上蓝色的心更是美丽！太谢谢你了！,10000,4000,,,,0,0,0,0,null,null
107,n,华丽的外衣,杀死骷髅妖象、龙纹海狮、千孔花斑海豹得到他们的皮，各3张；找到刺背海獭取下他们的毛发，3撮；杀死藻类，得到绿冰晶21颗；杀死银顶巨鲸，得到银色精华9瓶；杀死毒裙花菜，扯下1条裙状蕾丝；杀死青眼蟹妖，得到他们的青眼3颗,42,,,,,,waihai/nanhaiwangfei400,find,,我要给龙王、我和我们的孩子各做一件外衣，需要的材料比较多:要骷髅妖象的皮、龙纹海狮的龙纹皮、千孔花斑海豹的花斑皮，各3张；刺背海獭的银色毛发3撮；藻类的绿冰晶21颗；银顶巨鲸身上的银色精华9瓶；1条毒裙花菜的裙状蕾丝；3颗青眼蟹妖的青眼。任务艰巨，我不会亏待你的！,,海象的皮:3|龙纹皮:3|花斑皮:3|银色毛发:3|绿冰晶:21|银色精华:9|裙状蕾丝:1|青眼:3,,,waihai/nanhaiwangfei400,成全我做贤妻良母的愿望吧！,真是太感谢你了:)这些钱都给你！,200000,15000,,,,0,0,0,0,null,null
108,n,蠕动的尸体,杀死海狗腐尸，取来他们身上的尸虫13条,43,,,,,,waihai/longxuhu400,find,,这些海狗腐尸太碍眼了，不过他们身上的尸虫有助于我的修行，你去找些给我。,,尸虫:13,,,waihai/longxuhu400,快去快回！别让我废话！,完成的不错，我的修炼又可以发展了！太感谢你了！,20000,5000,,,111,0,0,0,0,null,null
109,n,美味的晚餐,杀死魔天影鲨，得到他们的黑色鱼翅10个；红袍龙虾的虾肉15个；晶刺水母透明的水母皮20个；黑背海马卷曲的尾巴20个,43,,,,,,waihai/longxuhu400,find,,饿得太快了，今天就吃些海里的东西，你去给我找些东西吧。魔天影鲨的黑色鱼翅10个；红袍龙虾的虾肉15个；晶刺水母透明的水母皮20个；黑背海马卷曲的尾巴20个,,黑色鱼翅:10|虾肉:15|水母皮:20|卷曲的尾巴:20,,,waihai/longxuhu400,你想饿死我？快去！！,饱餐一顿，哈哈，谢谢你！,30000,5500,,,111,0,0,0,0,null,null
110,n,复活的鱿鱼,杀死巨毒鱿鱼，得到他们红色巨爪20条,44,,,,,,waihai/longxuhu400,find,,那些巨爪毒鱿总来捣乱，杀了它们，砍下红色巨爪，这样它们就不能复活了，那些爪子放到仓库里当粮食。,,红色巨爪:20,,,waihai/longxuhu400,这件事情并不困难，快去吧！,做的不错，继续努力吧！,30000,5000,,,111,0,0,0,0,null,null
111,n,龙须虎的要求,去北海龙宫找龙须虎，看看他有什么要求。,43,,,,,,waihai/nanhailongwang400,send,,去北海龙宫找龙须虎，听说他最近有些事情找你，去问问他吧！,,,,,waihai/longxuhu400,快去找他吧！,我还真有些事情要你做！,20000,4000,,,,0,0,0,0,null,null
112,n,幽静山林,杀死林间幻影、林间游荡者、游移惊魂各20名，找伏羲复命,45,,妖魔,,,,fuxishan/fuxizuoqi400,kill,,这些无聊的人总来捣乱，快去杀了他们！,林间幻影:20|林间游荡者:20|游移惊魂:20,,,,fuxishan/fuxizuoqi400,任务没完成别来见我！,干的不错！,31000,4500,,,,0,0,0,0,null,null
113,n,麻痹,杀死伏羲美女蛇，得到她们魅惑的眼睛20颗,45,,妖魔,,,,fuxishan/fuxizuoqi400,find,,听说最近山里出现了美女蛇，专门魅惑行人，你去把她们的眼睛带来,,魅惑的眼睛:20,,,fuxishan/fuxizuoqi400,任务没完成别来见我！,干的不错，这些给你当作报酬！,31000,5000,,,,0,0,0,0,null,null
114,n,御寒,杀死秃背恶狼得到狼皮20张，杀死凶猛山鹰得到坚硬的喙20个,45,,妖魔,,,,fuxishan/fuxizuoqi400,find,,未雨绸缪，开始准备过冬物资，杀了恶狼和山鹰得到我想要的,,狼皮:20|鹰喙:20,,,fuxishan/fuxizuoqi400,现在不准备就晚了！快去！,这些你拿着吧，继续努力！,31000,5500,,,,0,0,0,0,null,null
115,n,劳工的锄头,杀死伏羲劳工，抢夺他们手里的锄头15枚,46,,妖魔,,,,fuxishan/fuxizuoqi400,find,,那些劳工不好好工作，净研究巫术，他们的锄头是法宝，给我抢来,,带符咒的锄头:15,,,fuxishan/fuxizuoqi400,还不快去，别在这混日子,这些你拿着吧，继续努力！,32000,6000,,,,0,0,0,0,null,null
116,n,灵魂,杀死伏羲朝拜者和深山求仙者得到他们虔诚的灵魂15个，杀死伏羲迷途者得到混浊的灵魂15个,46,,妖魔,,,,fuxishan/fuxizuoqi400,find,,我要虔诚的灵魂和混浊的灵魂各15个，助我清修，快去给我找来吧！,,虔诚的灵魂:15|混浊的灵魂:15,,,fuxishan/fuxizuoqi400,为了伟大的伏羲，快去吧！,随便给你点儿钱吧,32000,6500,,,,0,0,0,0,null,null
117,n,杀魂,杀死劳工恶灵30名，找伏羲复命,46,,妖魔,,,,fuxishan/fuxizuoqi400,kill,,这些劳工阴魂不散，死了也不安宁！给我彻底消灭他们！,劳工恶灵:30,,,,fuxishan/fuxizuoqi400,快去快回！,干的不错！,32000,6500,,,,0,0,0,0,null,null
118,n,远攻,杀死深山猎人30名，找伏羲复命,47,,妖魔,,,,fuxishan/fuxizuoqi400,kill,,深山猎人跟我们分享山里的资源，消灭他们！,深山猎人:30,,,,fuxishan/fuxizuoqi400,为了伟大的伏羲，快去吧！,干的不错！,33000,7000,,,,0,0,0,0,null,null
119,n,贼心,杀死伏羲山贼，得到他们丑陋的心15颗,47,,妖魔,,,,fuxishan/fuxizuoqi400,find,,伏羲山贼掠夺我们的财物，诛杀他们，带回那丑陋的心！,,丑陋的心:15,,,fuxishan/fuxizuoqi400,还没完成？快去快回！,为了伟大的伏羲，谢谢！,33000,7500,,,,0,0,0,0,null,null
120,n,帽缨,杀死伏羲护卫，得到他们头盔上的蓝色帽缨20条,47,,妖魔,,,,fuxishan/fuxizuoqi400,find,,我已经察觉伏羲护卫有异心，那些叛徒死后帽缨变成蓝色，去吧！宁枉勿纵！,,蓝色帽缨:20,,,fuxishan/fuxizuoqi400,证明你的时候到了，快去快回！,你真是个可用之才！,33000,8000,,,,0,0,0,0,null,null
121,n,苦修者精神,杀死深山苦修者，得到他们的精神石20颗,48,,妖魔,,,,fuxishan/fuxizuoqi400,find,,最近需要补充精神，那些苦修者幻化的精神石是最好的宝贝了，快去拿来！,,精神石:20,,,fuxishan/fuxizuoqi400,表明你忠心的时刻来了，快去！,你让我感觉好多了！谢谢！,34000,8500,,,,0,0,0,0,null,null
122,n,叛徒的火种,杀死伏羲变异哨兵，抢夺他们手里的火种15个,48,,妖魔,,,,fuxishan/fuxizuoqi400,find,,我的哨所怎么会有那么恶心的家伙，滥用他们手中的火种点燃烽火，快去杀死他们，把火种抢回来！,,火种:15,,,fuxishan/fuxizuoqi400,为了伏羲山，快去吧！,干得不错！我们会铭记你的！,34000,9000,,,,0,0,0,0,null,null
123,n,守卫不守,杀死伏羲山林守卫30名，找伏羲复命,48,,妖魔,,,,fuxishan/fuxizuoqi400,kill,,当山林守卫不再效忠……,伏羲山林守卫:30,,,,fuxishan/fuxizuoqi400,杀死那些叛徒！,不错！,34000,9500,,,,0,0,0,0,null,null
124,n,护牌,杀死伏羲精兵，得到他们的身上的护牌20个,49,,妖魔,,,,fuxishan/fuxizuoqi400,find,,枉费我养了这帮败类！拿着护牌随意出入！你去把护牌给我收回来！,,精兵护牌:20,,,fuxishan/fuxizuoqi400,速去速回吧！,干的很好！辛苦你了！,35000,10000,,,,0,0,0,0,null,null
125,n,伪装,杀死深山潜伏者和深山藏匿者，得到他们赖以隐身的长袍25件,49,,妖魔,,,,fuxishan/fuxizuoqi400,find,,这些藏匿者和潜伏者是我的心头大患，隐身长袍确实有研究价值，你去取来！,,隐身长袍:25,,,fuxishan/fuxizuoqi400,让你办的事情还没好么？,差强人意，这些给你当奖赏吧！,35000,15000,,,,0,0,0,0,null,null
126,n,守护,杀死伏羲精兵、深山苦修者、伏羲山林守卫、伏羲变异哨兵、深山潜伏者、深山藏匿者各20名,49,,妖魔,,,,fuxishan/fuxizuoqi400,kill,,守卫伏羲山的重任就交给你了！快去吧！,伏羲精兵:20|深山苦修者:20|伏羲山林守卫:20|伏羲变异哨兵:20|深山潜伏者:20|深山藏匿者:20,,,,fuxishan/fuxizuoqi400,为了伏羲山的和平！,很好！,35000,20000,,,,0,0,0,0,null,null
127,n,寂静山林,杀死山谷幽影、山谷游荡者、黑色巨鹰各20名,45,,人类,,,,yandigu/yandizuoqi400,kill,,这些无聊的人总来捣乱，快去杀了他们！,山谷幽影:20|山谷游荡者:20|黑色巨鹰:20,,,,yandigu/yandizuoqi400,任务没完成别来见我！,干的不错！,31000,4500,,,,0,0,0,0,null,null
128,n,破除伪装,杀死兽身人面妖，得到他们用来伪装的面具20个,45,,人类,,,,yandigu/yandizuoqi400,find,,听说最近山里出现了兽身人面妖，你去杀了他们，取下他们用来伪装的面具,,面具:20,,,yandigu/yandizuoqi400,任务没完成别来见我！,干的不错，这些给你当作报酬！,31000,5000,,,,0,0,0,0,null,null
129,n,御寒,杀死山谷灰豹、山谷银熊，得到豹皮和熊皮各20张,45,,人类,,,,yandigu/yandizuoqi400,find,,未雨绸缪，开始准备过冬物资，杀了恶狼和银熊得到我想要的,,豹皮:20|熊皮:20,,,yandigu/yandizuoqi400,现在不准备就晚了！快去！,这些你拿着吧，继续努力！,31000,5500,,,,0,0,0,0,null,null
130,n,苦力的锄头,杀死山谷苦力，抢夺他们手里的锄头15枚,46,,人类,,,,yandigu/yandizuoqi400,find,,那些苦力不好好工作，净研究巫术，他们的锄头是法宝，给我抢来,,带符咒的锄头:15,,,yandigu/yandizuoqi400,还不快去，别在这混日子,这些你拿着吧，继续努力！,32000,6000,,,,0,0,0,0,null,null
131,n,杀魂,杀死苦力恶灵、山谷幽魂各20名,46,,人类,,,,yandigu/yandizuoqi400,kill,,这些苦力阴魂不散，死了也不安宁！给我彻底消灭他们！,苦力恶灵:20|山谷幽魂:20,,,,yandigu/yandizuoqi400,为了伟大的炎帝，快去吧！,随便给你点儿钱吧,32000,6500,,,,0,0,0,0,null,null
132,n,灵魂,杀死山谷游荡者，得到混浊的灵魂15个；杀死山谷求仙者，得到虔诚的灵魂15个,46,,人类,,,,yandigu/yandizuoqi400,find,,我要虔诚的灵魂和混浊的灵魂各15个，助我清修，快去给我找来吧！,,混浊的灵魂:15|虔诚的灵魂:15,,,yandigu/yandizuoqi400,快去快回！,干的不错！,32000,6500,,,,0,0,0,0,null,null
133,n,无神的眼睛,杀死山谷监工，得到他们无神的眼睛20个,47,,人类,,,,yandigu/yandizuoqi400,find,,这帮监工都瞎了眼睛，跑了那么多苦工！去杀了他们，取得无神的眼睛！,,无神的眼睛:20,,,yandigu/yandizuoqi400,为了伟大的炎帝，快去吧！,干的不错！,33000,7000,,,,0,0,0,0,null,null
134,n,迷茫的心,杀死山谷迷途者，得到他们迷茫的心15颗,47,,人类,,,,yandigu/yandizuoqi400,find,,迷途者迷茫的心是我修炼必不可少的东西，你去找来！,,迷茫的心:15,,,yandigu/yandizuoqi400,还没完成？快去快回！,为了伟大的伏羲，谢谢！,33000,7500,,,,0,0,0,0,null,null
135,n,杀戮,杀死山谷监工、山谷迷途者各20名,47,,人类,,,,yandigu/yandizuoqi400,kill,,这群败类！,山谷监工:20|山谷迷途者:20,,,,yandigu/yandizuoqi400,证明你的时候到了，快去快回！,你真是个可用之才！,33000,8000,,,,0,0,0,0,null,null
136,n,苦修者精神,杀死山谷苦修者，得到他们幻化的精神石20颗,48,,人类,,,,yandigu/yandizuoqi400,find,,最近需要补充精神，那些苦修者幻化的精神石是最好的宝贝了，快去拿来！,,精神石:20,,,yandigu/yandizuoqi400,表明你忠心的时刻来了，快去！,你让我感觉好多了！谢谢！,34000,8500,,,,0,0,0,0,null,null
137,n,路线,杀死逃逸苦力，得到他们逃逸路线图15张,48,,人类,,,,yandigu/yandizuoqi400,find,,监工和苦力串通，苦力逃脱不少，去杀了他们，抢回逃逸地图！,,逃逸路线图:15,,,yandigu/yandizuoqi400,为了炎帝谷，快去吧！,干得不错！我们会铭记你的！,34000,9000,,,,0,0,0,0,null,null
138,n,铲除,杀死山谷猎人、炎帝追随者各20名,48,,人类,,,,yandigu/yandizuoqi400,kill,,这群败类！,山谷猎人:20|炎帝追随者:20,,,,yandigu/yandizuoqi400,让你办的事情还没好么？,不错！,34000,9500,,,,0,0,0,0,null,null
139,n,护牌,杀死炎帝精兵和炎帝步兵，得到他们身上的护牌25个,49,,人类,,,,yandigu/yandizuoqi400,find,,枉费我养了这帮败类！拿着护牌随意出入！你去把护牌给我收回来！,,护牌:25,,,yandigu/yandizuoqi400,杀死那些叛徒！,干的很好！辛苦你了！,35000,10000,,,,0,0,0,0,null,null
140,n,伪装,杀死山谷潜伏者和山谷藏匿者，得到他们赖以隐身的长袍,49,,人类,,,,yandigu/yandizuoqi400,find,,这些藏匿者和潜伏者是我的心头大患，隐身长袍确实有研究价值，你去取来！,,隐身长袍:25,,,yandigu/yandizuoqi400,速去速回吧！,差强人意，这些给你当奖赏吧！,35000,15000,,,,0,0,0,0,null,null
141,n,守护,杀死山谷潜伏者、山谷藏匿者、炎帝精兵、炎帝步兵、山谷苦修者、炎帝追随者各25名,49,,人类,,,,yandigu/yandizuoqi400,kill,,守卫伏炎帝谷的重任就交给你了！快去吧！,山谷潜伏者:25|山谷藏匿者:25|炎帝精兵:25|炎帝步兵:25|山谷苦修者:25|炎帝追随者:25,,,,yandigu/yandizuoqi400,为了伏炎帝谷的和平！,很好！,35000,20000,,,,0,0,0,0,null,null
142,n,净土,杀死荒原野狮、焦灼骷髅、荒原银蟒、暗色幽灵各20名,45,,,,,,huangyuan/liulanghuolong400,kill,,我需要一片净土，杀了这些妖孽！,荒原野狮:20|荒原银蟒:20|焦灼骷髅:20|暗色幽灵:20,,,,huangyuan/liulanghuolong400,为了这片土地！快去吧！,干得不错！我们会铭记你的！,31000,8000,,,,0,0,0,0,null,null
143,n,良药,杀死荒原巨蜥得到巨蜥之尾15条，杀死荒原毒蝎得到毒蝎之牙15颗,45,,,,,,huangyuan/liulanghuolong400,find,,制作治病良药，需要巨蜥之尾和毒蝎之牙，去给我找来,,巨蜥之尾:15|毒蝎之牙:15,,,huangyuan/liulanghuolong400,为了这片土地！快去吧！,不错！,31000,9000,,,,0,0,0,0,null,null
144,n,驯服,杀死荒原野狮，取下它们受诅咒的项圈20个,45,,人类,,,,huangyuan/liulanghuofenghuang400,find,,这些狮子受诅咒之苦，杀了他们就是解救它们！,,受诅咒的项圈:20,,,huangyuan/liulanghuofenghuang400,为了这片土地！快去吧！,干的很好！辛苦你了！,31000,10000,,,,0,0,0,0,null,null
145,n,灵鳞,杀死荒原银蟒，得到它们银色鳞片20片,45,,妖魔,,,,huangyuan/liulanghuofenghuang400,find,,银色鳞片？这正是我制作毒药的必需品，快去吧！,,银色鳞片:20,,,huangyuan/liulanghuofenghuang400,为了这片土地！快去吧！,差强人意，这些给你当奖赏吧！,31000,10000,,,,0,0,0,0,null,null
146,n,虚无,杀死幽暗幻影、飘忽怨灵、路边乞者、扭曲死尸各20名,46,,,,,,huangyuan/liulanghuolong400,kill,,这些败类，我需要一片虚无的空间！杀了他们！,幽暗幻影:20|飘忽怨灵:20|路边乞者:20|扭曲死尸:20,,,,huangyuan/liulanghuolong400,为了这片土地！快去吧！,很好！,32000,11000,,,,0,0,0,0,null,null
147,n,修补材料,杀死焦灼骷髅，得到冥火头骨20颗,46,,,,,,huangyuan/liulanghuolong400,find,,冥火头骨是修补古堡的重要材料，快去给我拿来！,,冥火头骨:20,,,huangyuan/liulanghuolong400,为了这片土地！快去吧！,干的不错！,32000,12000,,,,0,0,0,0,null,null
148,n,瓷碗,杀死路边乞者，得到他们乞讨用的破瓷碗20个,46,,妖魔,,,,huangyuan/liulanghuofenghuang400,find,,那些路边乞者真是影响我的食欲，去杀了他们！拿那些破瓷碗来证明自己！,,破瓷碗:20,,,huangyuan/liulanghuofenghuang400,为了这片土地！快去吧！,干的不错，这些给你当作报酬！,32000,13000,,,,0,0,0,0,null,null
149,n,助手,杀死扭曲死尸，得到腐坏的手臂20条,46,,人类,,,,huangyuan/liulanghuofenghuang400,find,,我要从腐坏的手臂上得到我需要的精华，你杀了扭曲死尸，给我拿来！,,腐坏的手臂:20,,,huangyuan/liulanghuofenghuang400,为了这片土地！快去吧！,这些你拿着吧，继续努力！,32000,13000,,,,0,0,0,0,null,null
150,n,清除,杀死骷髅行者、清修独行者各20名,47,,,,,,huangyuan/liulanghuolong400,kill,,独行者和他们死后的骷髅行者让我很郁闷！杀了他们！,骷髅行者:20|清修独行者:20,,,,huangyuan/liulanghuolong400,为了这片土地！快去吧！,这些你拿着吧，继续努力！,33000,14000,,,,0,0,0,0,null,null
151,n,荒原地图,杀死荒原迷途者，抢夺他们手中的荒原地图20张,47,,,,,,huangyuan/liulanghuolong400,find,,那些迷途者拿着地图还能走丢，真是一群废物！你去杀了他们，把地图抢回来！,,荒原地图:20,,,huangyuan/liulanghuolong400,为了这片土地！快去吧！,随便给你点儿钱吧,33000,15000,,,,0,0,0,0,null,null
152,n,骷髅族记,杀死骷髅行者，得到骷髅指环20个,47,,人类,,,,huangyuan/liulanghuofenghuang400,find,,骷髅行者的指环是他们骷髅一族的标记，给我抢来，我要研究一下！,,骷髅指环:20,,,huangyuan/liulanghuofenghuang400,为了这片土地！快去吧！,干的不错！,33000,16000,,,,0,0,0,0,null,null
153,n,独行秘诀,杀死清修独行者，得到破损的鞋料20件,47,,妖魔,,,,huangyuan/liulanghuofenghuang400,find,,清修独行者能独行的秘诀在于他们耐穿的鞋子，你杀了他们，抢来他们的鞋料！,,破损的鞋料:20,,,huangyuan/liulanghuofenghuang400,为了这片土地！快去吧！,干的不错！,33000,16000,,,,0,0,0,0,null,null
154,n,逆我者亡,杀死镇间使者、邪恶乡民各20名,48,,,,,,huangyuan/liulanghuolong400,kill,,我发现镇间使者在邪恶乡民庇护下传送错误消息，你去杀了他们！,镇间使者:20|邪恶乡民:20,,,,huangyuan/liulanghuolong400,为了这片土地！快去吧！,为了伟大的伏羲，谢谢！,34000,17000,,,,0,0,0,0,null,null
155,n,独居者族记,杀死清修独居者，得到独居者的领结20条,48,,,,,,huangyuan/liulanghuolong400,find,,独居者一族的标记是他们有魔法的领结，杀了他们，夺过来！,,独居者领结:20,,,huangyuan/liulanghuolong400,为了这片土地！快去吧！,你真是个可用之才！,34000,18000,,,,0,0,0,0,null,null
156,n,使者徽记,杀死镇间使者，得到使者徽记20个,48,,妖魔,,,,huangyuan/liulanghuofenghuang400,find,,这些徽记不应该再属于他们了！,,使者徽记:20,,,huangyuan/liulanghuofenghuang400,为了这片土地！快去吧！,干得不错！我们会铭记你的！,34000,19000,,,,0,0,0,0,null,null
157,n,守望者族记,杀死荒原守望者，得到守望者长剑20把,48,,人类,,,,huangyuan/liulanghuofenghuang400,find,,守望者不守望，开始有反叛的心思，杀了他们，取得他们的兵器！,,守望者长剑:20,,,huangyuan/liulanghuofenghuang400,为了这片土地！快去吧！,干得不错！我们会铭记你的！,34000,19000,,,,0,0,0,0,null,null
158,n,背叛,杀死荒原巡逻者、苦修远行者、镇中守卫各20名,49,,,,,,huangyuan/liulanghuolong400,kill,,这些祸害，仗着远行者的智慧，巡逻者的布局，守卫的关系要造反？！杀无赦！,荒原巡逻者:20|苦修远行者:20|镇中守卫:20,,,,huangyuan/liulanghuolong400,为了这片土地！快去吧！,不错！,35000,20000,,,,0,0,0,0,null,null
159,n,苦衷,杀死镇中守卫，得到守卫长矛20把,49,,,,,,huangyuan/liulanghuolong400,find,,不要听信守卫所谓的苦衷，杀死他们！抢回长矛！,,守卫长矛:20,,,huangyuan/liulanghuolong400,为了这片土地！快去吧！,干的很好！辛苦你了！,35000,21000,,,,0,0,0,0,null,null
160,n,巡逻者铠甲,杀死荒原巡逻者，得到巡逻者铠甲20件,49,,妖魔,,,,huangyuan/liulanghuofenghuang400,find,,那些巡逻者不务正业，去杀了他们，抢夺铠甲！,,巡逻者铠甲:20,,,huangyuan/liulanghuofenghuang400,为了这片土地！快去吧！,差强人意，这些给你当奖赏吧！,35000,22000,,,,0,0,0,0,null,null
161,n,消失的远行者,杀死苦修远行者，得到远行者长袍20件,49,,人类,,,,huangyuan/liulanghuofenghuang400,find,,所谓的远行者是为了苦修，其实是想造反，去杀了他们，抢来他们的魔法长袍！,,远行者长袍:20,,,huangyuan/liulanghuofenghuang400,为了这片土地！快去吧！,很好！,35000,22000,,,,0,0,0,0,null,null
162,n,虚空精魂,杀死虚空行者、虚空河妖、虚空水怪、虚空飘影各30名,48,,,,,,konglingshangu/shangushouling400,kill,,这些虚空里的祸害!杀死他们!,虚空行者:30|虚空河妖:30|虚空水怪:30|虚空飘影:30,,,,konglingshangu/shangushouling400,为了空灵山谷！,干的不错！继续努力！,36000,23000,,,,0,0,0,0,null,null
163,n,大河之魂,杀死灵魂河妖、灵魂水怪得到大河之魂20个,48,,,,,,konglingshangu/shangushouling400,find,,这些妖孽吸取了大河之魂，杀了他们！,,大河之魂:20,,,konglingshangu/shangushouling400,为了空灵山谷！,干的不错！继续努力！,36000,23000,,,,0,0,0,0,null,null
164,n,芳踪之战,杀死芳草小妖、空灵花妖，取得花之精华20颗,48,,,,,,konglingshangu/shangushouling400,find,,妖孽就是妖孽，靠自然精华幻化！杀了他们！找回精华！,,花之精华:20,,,konglingshangu/shangushouling400,为了空灵山谷！,干的不错！继续努力！,36000,23000,,,,0,0,0,0,null,null
165,n,触须,杀死潮湿虫，得到他们湿润的触须20根,48,,,,,,konglingshangu/shangushouling400,find,,那些恶心的虫子！杀了他们！不过触须可是制药宝贝！,,湿润的触须:20,,,konglingshangu/shangushouling400,为了空灵山谷！,干的不错！继续努力！,36000,23000,,,,0,0,0,0,null,null
166,n,守卫山谷,杀死谷间行者、山谷守卫、山谷精兵各30名,48,,,,,,konglingshangu/shangushouling400,kill,,杀了那些叛徒！,谷间行者:30|山谷守卫:30|山谷精兵:30,,,,konglingshangu/shangushouling400,为了空灵山谷！,干的不错！继续努力！,36000,23000,,,,0,0,0,0,null,null
167,n,送信,找到林地首领，和他谈一谈,48,,,,,,konglingshangu/shangushouling400,send,,去清水林地的清水村找林地首领，和他谈一谈，他也许有事找你！,,,,,qingshuilindi/lindishouling400,为了空灵山谷！,干的不错！继续努力！,36000,23000,,,166,0,0,0,0,null,null
168,n,枯木之战,杀死枯木守卫、枯木精兵、枯木猎手各30名,48,,,,,,qingshuilindi/lindishouling400,kill,,杀死那些叛徒！,枯木守卫:30|枯木精兵:30|枯木猎手:30,,,,qingshuilindi/lindishouling400,为了清水林地！,继续努力！,36000,23000,,,167,0,0,0,0,null,null
169,n,偷袭林场,杀死林场守卫、林场搬运工、林场农夫各30名,48,,,,,,qingshuilindi/lindishouling400,kill,,杀死林场的叛徒！,林场守卫:30|林场搬运工:30|林场农夫:30,,,,qingshuilindi/lindishouling400,为了清水林地！,继续努力！,36000,23000,,,167,0,0,0,0,null,null
170,n,水战,杀死云雾水妖、清水怪各30名,48,,,,,,qingshuilindi/lindishouling400,kill,,杀死水里那些怪物！,云雾水妖:30|清水怪:30,,,,qingshuilindi/lindishouling400,为了清水林地！,继续努力！,36000,23000,,,167,0,0,0,0,null,null
171,n,惩治,杀死岗哨卫兵，得到卫兵的眼睛20颗,48,,,,,,qingshuilindi/lindishouling400,find,,岗哨卫兵的眼睛很明亮，给我找几个研究研究！,,卫兵的眼睛:20,,,qingshuilindi/lindishouling400,为了清水林地！,继续努力！,36000,23000,,,167,0,0,0,0,null,null
172,n,灰色灵魂,杀死豺狼恶灵，得到灰色灵魂20颗,48,,,,,,qingshuilindi/lindishouling400,find,,豺狼恶灵那灰色灵魂是支持他们的中心，杀死他们，夺过来！,,灰色灵魂:20,,,qingshuilindi/lindishouling400,为了清水林地！,继续努力！,36000,23000,,,167,0,0,0,0,null,null
173,n,送信,找到峡谷领袖，和他谈一谈,48,,,,,,qingshuilindi/lindishouling400,send,,去夜光峡谷找峡谷领袖谈谈，他应该在披星镇。,,,,,yeguangxiagu/xiagulingxiu400,为了清水林地！,继续努力！,36000,23000,,,172,0,0,0,0,null,null
174,n,夜光之战,杀死峡谷守卫、峡谷精兵各30名,48,,,,,,yeguangxiagu/xiagulingxiu400,kill,,为了夜光峡谷的安宁，杀死那些捣乱的人！,峡谷守卫:30|峡谷精兵:30,,,,yeguangxiagu/xiagulingxiu400,为了夜光峡谷！,还敢挑战么？,36000,23000,,,173,0,0,0,0,null,null
175,n,夜光之战,杀死高地守卫、高地精兵、峡谷行者各30名,48,,,,,,yeguangxiagu/xiagulingxiu400,kill,,还有一些流窜到高地上，去杀了他们！,高地守卫:30|高地精兵:30|峡谷行者:30,,,,yeguangxiagu/xiagulingxiu400,为了夜光峡谷！,可造之才！,36000,23000,,,174,0,0,0,0,null,null
176,n,食物补给,杀死巨型蜘蛛，得到美味蜘蛛腿20条,48,,,,,,yeguangxiagu/xiagulingxiu400,find,,最近食物供给不足，去猎些巨型蜘蛛，得到他们美味的蜘蛛腿,,美味蜘蛛腿:20,,,yeguangxiagu/xiagulingxiu400,为了夜光峡谷！,可造之才！,36000,23000,,,173,0,0,0,0,null,null
177,n,锋利,杀死峡谷恶狼，得到雪白狼牙20颗,49,,,,,,yeguangxiagu/xiagulingxiu400,find,,峡谷恶狼那雪白的狼牙真是锋利啊！给我找些回来！,,雪白狼牙:20,,,yeguangxiagu/xiagulingxiu400,为了夜光峡谷！,可造之才！,37000,24000,,,173,0,0,0,0,null,null
178,n,灵魂之事,杀死焦灼白骨得到头骨20颗，杀死峡谷恶灵得到恶灵精髓20个,49,,,,,,yeguangxiagu/xiagulingxiu400,find,,那些焦灼白骨和峡谷恶灵身上的东西值得我们研究研究，你去找些回来吧！,,头骨:20|恶灵精髓:20,,,yeguangxiagu/xiagulingxiu400,为了夜光峡谷！,可造之才！,37000,24000,,,173,0,0,0,0,null,null
179,n,送信,去找沉寂领袖，和他谈一谈,49,,,,,,yeguangxiagu/xiagulingxiu400,send,,去沉寂沼泽找沉寂领袖，他会给你点儿任务的！,,,,,chenjizhaoze/chenjilingxiu400,为了夜光峡谷！,可造之才！,37000,24000,,,178,0,0,0,0,null,null
180,n,食尸村之战,杀死食尸村民、食尸猛兽各30名,49,,,,,,chenjizhaoze/chenjilingxiu400,kill,,清理那些恶心的人！,食尸村民:30|食尸猛兽:30,,,,chenjizhaoze/chenjilingxiu400,为了沉寂沼泽！,这些给你当酬劳！加油吧！,37000,24000,,,179,0,0,0,0,null,null
181,n,沉寂之战,杀死沉寂守卫、沉寂精兵、沉寂行者、沉寂农夫、沉默守卫各30名,49,,,,,,chenjizhaoze/chenjilingxiu400,kill,,杀了那些叛徒！,沉寂守卫:30|沉寂精兵:30|沉寂行者:30|沉寂农夫:30|沉默守卫:30,,,,chenjizhaoze/chenjilingxiu400,为了沉寂沼泽！,这些给你当酬劳！加油吧！,37000,24000,,,179,0,0,0,0,null,null
182,n,钥匙,杀死废墟守卫，得到废墟之匙20把,49,,,,,,chenjizhaoze/chenjilingxiu400,find,,去杀了废墟守卫，得到废墟之匙20把,,废墟之匙:20,,,chenjizhaoze/chenjilingxiu400,为了沉寂沼泽！,这些给你当酬劳！加油吧！,37000,24000,,,179,0,0,0,0,null,null
183,n,枯骨之用,杀死扭曲枯骨、焦灼枯骨、变形死尸，得到干枯锁骨20个,49,,,,,,chenjizhaoze/chenjilingxiu400,find,,那些破骨头中锁骨是可以用来炼药的，你去找来！,,锁骨:20,,,chenjizhaoze/chenjilingxiu400,为了沉寂沼泽！,这些给你当酬劳！加油吧！,37000,24000,,,179,0,0,0,0,null,null
184,n,灵,杀死沉寂幽灵、食尸亡灵，得到死灵30个,49,,,,,,chenjizhaoze/chenjilingxiu400,find,,杀死沉寂幽灵和食尸亡灵，它们的死灵是我修炼的必需品，快去找来吧！,,死灵:30,,,chenjizhaoze/chenjilingxiu400,为了沉寂沼泽！,这些给你当酬劳！加油吧！,37000,24000,,,179,0,0,0,0,null,null
185,n,送信,找到广袤园的流浪行者，和他谈一谈,49,,,,,,chenjizhaoze/chenjilingxiu400,send,,去广袤园找流浪行者谈谈，他应该在晴雨村里。,,,,,guangmaoyuan/liulangxingzhe400,为了沉寂沼泽！,这些给你当酬劳！加油吧！,37000,24000,,,184,0,0,0,0,null,null
186,n,晴雨之战,杀死晴雨水怪，得到水晶灵20颗,49,,,,,,guangmaoyuan/liulangxingzhe400,find,,那些晴雨水怪的水晶灵可以充沛我的家园，去找些过来吧！,,水晶灵:20,,,guangmaoyuan/liulangxingzhe400,为了广袤园！,很不错啊！哈哈！太谢谢了！,37000,24000,,,185,0,0,0,0,null,null
187,n,烈焰之战,杀死烈焰骷髅30名，烈焰巨鹰30只,49,,,,,,guangmaoyuan/liulangxingzhe400,kill,,杀死那些败类！,烈焰骷髅:30|烈焰巨鹰:30,,,,guangmaoyuan/liulangxingzhe400,为了广袤园！,很不错啊！哈哈！太谢谢了！,37000,24000,,,185,0,0,0,0,null,null
188,n,流火之战,杀死流火巨鹰、流火狂豹、流火河怪各30只,49,,,,,,guangmaoyuan/liulangxingzhe400,kill,,杀死那些败类！,流火巨鹰:30|流火狂豹:30|流火河怪:30,,,,guangmaoyuan/liulangxingzhe400,为了广袤园！,很不错啊！哈哈！太谢谢了！,37000,24000,,,185,0,0,0,0,null,null
189,n,雨林之战,杀死雨林守卫、森林猎手各30名，杀死雨林猛虎30头，杀死雨林巨蛇30条,49,,,,,,guangmaoyuan/liulangxingzhe400,kill,,杀死那些败类！,雨林守卫:30|森林猎手:30|雨林猛虎:30|雨林巨蛇:30,,,,guangmaoyuan/liulangxingzhe400,为了广袤园！,很不错啊！哈哈！太谢谢了！,37000,24000,,,185,0,0,0,0,null,null
190,n,仙露,杀死饮露精灵，得到仙露20瓶,49,,,,,,guangmaoyuan/liulangxingzhe400,find,,饮露精灵的仙露有助于我的修炼，给我找来吧！,,仙露:20,,,guangmaoyuan/liulangxingzhe400,为了广袤园！,很不错啊！哈哈！太谢谢了！,37000,24000,,,185,0,0,0,0,null,null
191,n,守卫村庄,杀死村庄守卫、村庄精兵各30名,49,,,,,,guangmaoyuan/liulangxingzhe400,kill,,杀死那些败类！,村庄守卫:30|村庄精兵:30,,,,guangmaoyuan/liulangxingzhe400,为了广袤园！,很不错啊！哈哈！太谢谢了！,37000,24000,,,185,0,0,0,0,null,null
192,n,魔魂,杀死雨林狂魔，得到魔魂20颗,49,,,,,,guangmaoyuan/liulangxingzhe400,find,,魔魂？非常好的材料！去找来！,,魔魂:20,,,guangmaoyuan/liulangxingzhe400,为了广袤园！,很不错啊！哈哈！太谢谢了！,37000,24000,,,185,0,0,0,0,null,null
193,n,雪白诱惑,杀死冰白银熊，得到银白熊鬃20条,49,,,,,,guangmaoyuan/liulangxingzhe400,find,,那些冰白银熊的银白熊鬃是很好的御寒物资，给我找点儿过来！,,银白熊鬃:20,,,guangmaoyuan/liulangxingzhe400,为了广袤园！,很不错啊！哈哈！太谢谢了！,37000,24000,,,185,0,0,0,0,null,null
194,n,展示能力,杀死平原秃鹫，流光平原狮，平原猛虎，平原黑豹，平原雪狼各30只,48,,,,,,liuguangpingyuan/liuguanglvzhe400,kill,,欢迎来到这里，先展示一下你的实力吧！,平原秃鹫:30|流光平原狮:30|平原猛虎:30|平原黑豹:30|平原雪狼:30,,,,liuguangpingyuan/liuguanglvzhe400,不许偷懒！,干的不错！,30000,19000,,,,0,0,0,0,null,null
195,n,第一次搜寻,杀死流光狼蛛，流光毒蛛得到蜘蛛毒囊20个，杀死流光巨蛇得到蛇毒囊20个,48,,,,,,liuguangpingyuan/liuguanglvzhe400,find,,毒素一直是我的最爱！,,蜘蛛毒囊:20|蛇毒囊:20,,,liuguangpingyuan/liuguanglvzhe400,不许偷懒！,干的不错！,31000,18000,,,194,0,0,0,0,null,null
196,n,第二次搜寻,杀死流光毒蝎得到坚硬的蝎壳20个，杀死金色甲虫得到金色甲壳20个,48,,,,,,liuguangpingyuan/liuguanglvzhe400,find,,我还要这些坚硬的东西，丰富我的药材库,,坚硬的蝎壳:20|金色甲壳:20,,,liuguangpingyuan/liuguanglvzhe400,不许偷懒！,干的不错！,32000,17000,,,195,0,0,0,0,null,null
197,n,再辛苦一次,杀死平原巨鹰、流光黑鹰得到雄鹰的眼睛20颗,48,,,,,,liuguangpingyuan/liuguanglvzhe400,find,,不错的材料！,,雄鹰的眼睛:20,,,liuguangpingyuan/liuguanglvzhe400,不许偷懒！,干的不错！,33000,16000,,,196,0,0,0,0,null,null
198,n,最后的需求,杀死流光飞蛾得到飞蛾翅膀30双，杀死平原青鸟得到青色羽毛20枚,48,,,,,,liuguangpingyuan/liuguanglvzhe400,find,,飞蛾翅膀和青色羽毛是我最钟爱的，怎么能不去找呢？,,飞蛾翅膀:30|青色羽毛:20,,,liuguangpingyuan/liuguanglvzhe400,不许偷懒！,干的不错！,34000,15000,,,197,0,0,0,0,null,null
199,n,新的发展,和静语智者谈谈,48,,,,,,liuguangpingyuan/liuguanglvzhe400,send,,谢谢你，我这里没有什么可以让你帮忙的了，你去找静语智者谈谈吧。他应该就在静语山庄的静语阁里。,,,,,jingyushanzhuang/jingyuzhizhe400,不许偷懒！,干的不错！,34000,15000,,,198,0,0,0,0,null,null
200,n,堕落分子,杀死静语守卫、静语护卫、静语精兵各30名,48,,,,,,jingyushanzhuang/jingyuzhizhe400,kill,,欢迎你，这些堕落的人们，消灭他们！,静语守卫:30|静语护卫:30|静语精兵:30,,,,jingyushanzhuang/jingyuzhizhe400,早去早回！,继续努力！,31000,18000,,,199,0,0,0,0,null,null
201,n,失窃！,杀死静语仆从、静语侍从、静语侍女，得到山庄宝玉30枚颗,48,,,,,,jingyushanzhuang/jingyuzhizhe400,find,,看看这些贪婪的仆从，干活还偷东西，你去给我找回来！,,山庄宝玉:30,,,jingyushanzhuang/jingyuzhizhe400,早去早回！,继续努力！,32000,17000,,,200,0,0,0,0,null,null
202,n,炼金术,杀死静语狼人得到狼人的心20颗，杀死静语水幽灵得到幽灵元神20个,48,,,,,,jingyushanzhuang/jingyuzhizhe400,find,,炼金？,,狼人的心:20|幽灵元神:20,,,jingyushanzhuang/jingyuzhizhe400,早去早回！,继续努力！,33000,16000,,,201,0,0,0,0,null,null
203,n,碧水之旅,和碧水仙妖谈谈,48,,,,,,jingyushanzhuang/jingyuzhizhe400,send,,好吧，你去找碧水仙妖谈谈吧。她在碧水潭。,,,,,bishuitan/bishuixianyao400,早去早回！,继续努力！,34000,15000,,,202,0,0,0,0,null,null
204,n,捍卫,杀死碧水守卫、碧水护卫、碧水精兵各30名,48,,,,,,bishuitan/bishuixianyao400,kill,,为了碧水潭，杀了这些叛徒！,碧水护卫:30|碧水精兵:30|碧水守卫:30,,,,bishuitan/bishuixianyao400,为了碧水潭！,这些给你做酬劳！,34000,15000,,,203,0,0,0,0,null,null
205,n,鱼鳍的妙用,杀死碧水狂鱼、碧水鱼人得到碧水鱼鳍20个,48,,,,,,bishuitan/bishuixianyao400,find,,鱼鳍汤很美味的！~~,,碧水鱼鳍:20,,,bishuitan/bishuixianyao400,为了碧水潭！,这些给你做酬劳！,31000,18000,,,204,0,0,0,0,null,null
206,n,破损的工具,杀死碧水行者、碧水猎人、碧水农夫得到破损的工具20个,48,,,,,,bishuitan/bishuixianyao400,find,,这些人抢走了我的工具，帮我找回来！,,破损的工具:20,,,bishuitan/bishuixianyao400,为了碧水潭！,这些给你做酬劳！,32000,17000,,,205,0,0,0,0,null,null
207,n,魂,杀死碧水长者得到碧水精魂15个,48,,,,,,bishuitan/bishuixianyao400,find,,找到碧水精魂，支持我虚弱的身体。。。,,碧水精魂:15,,,bishuitan/bishuixianyao400,为了碧水潭！,这些给你做酬劳！,33000,16000,,,206,0,0,0,0,null,null
208,n,探索墓地,和死谷墓地的墓地守卫谈谈,48,,,,,,bishuitan/bishuixianyao400,send,,谢谢你，现在你去死谷墓地吧，找墓地守卫谈谈。他会给你一些活计的。,,,,,sigumudi/mudishouwei400,为了碧水潭！,这些给你做酬劳！,30000,15000,,,207,0,0,0,0,null,null
209,n,清理墓地,杀死堕落难民、墓地行者各30名,48,,,,,,sigumudi/mudishouwei400,kill,,杀了这些活人，清理墓地！,堕落难民:30|墓地行者:30,,,,sigumudi/mudishouwei400,为了死谷墓地！,很好！继续努力！,30000,19000,,,208,0,0,0,0,null,null
210,n,收集徽记,杀死墓地精兵、墓地卫兵得到墓地徽记20枚，杀死骷髅士兵、骷髅卫士得到骷髅徽记20枚，杀死灵魂战士、灵魂守卫得到灵魂徽记20枚,48,,,,,,sigumudi/mudishouwei400,find,,这些徽记有些玄机，你去找来给我吧！,,墓地徽记:20|骷髅徽记:20|灵魂徽记:20,,,sigumudi/mudishouwei400,为了死谷墓地！,很好！继续努力！,31000,18000,,,209,0,0,0,0,null,null
211,n,风笛,杀死飘摇风女、呼啸恶灵得到风笛20个,48,,,,,,sigumudi/mudishouwei400,find,,那些死鬼偷了我的风笛，给我找回来吧。寻着风声就能找到。,,风笛:20,,,sigumudi/mudishouwei400,为了死谷墓地！,很好！继续努力！,32000,17000,,,210,0,0,0,0,null,null
212,n,扰乱者,杀死长发水鬼得到水鬼的头发20缕，杀死凄苦怨灵得到怨灵的眼泪20滴，杀死流浪魂魄得到魂魄的眼睛20个,48,,,,,,sigumudi/mudishouwei400,find,,据说水鬼的头发、怨灵的眼泪和魂魄的眼睛可以制出仙药，你去给我找些回来。,,水鬼的头发:20|怨灵的眼泪:20|魂魄的眼睛:20,,,sigumudi/mudishouwei400,为了死谷墓地！,很好！继续努力！,33000,16000,,,211,0,0,0,0,null,null
213,n,徽记？,杀死冥火骷髅得到冥火徽记20枚，杀死鬼火尸体得到鬼火徽记20枚,48,,,,,,sigumudi/mudishouwei400,find,,还有两种徽记呢？快去找到吧！,,冥火徽记:20|鬼火徽记:20,,,sigumudi/mudishouwei400,为了死谷墓地！,很好！继续努力！,34000,15000,,,212,0,0,0,0,null,null
214,n,火焰精华,杀死蓝林鬼火得到火焰精华20颗,48,,,,,,sigumudi/mudishouwei400,find,,我的药剂就要成功了，现在缺少火焰精华，你找些给我吧。,,火焰精华:20,,,sigumudi/mudishouwei400,为了死谷墓地！,很好！继续努力！,34000,15000,,,213,0,0,0,0,null,null
215,n,洞穴之行,和黑幕灵女谈谈,48,,,,,,sigumudi/mudishouwei400,send,,我没什么事情可以安排给你了，你去找黑幕灵女谈谈吧。,,,,,langhaodongxue/heimulingnv400,为了死谷墓地！,很好！继续努力！,30000,19000,,,214,0,0,0,0,null,null
216,n,杀,杀死黑幕狼蛛、黑幕灰豹30只,48,,,,,,langhaodongxue/heimulingnv400,kill,,杀了那些畜生！,黑幕狼蛛:30|黑幕灰豹:30,,,,langhaodongxue/heimulingnv400,不要说我残忍哦！~快去吧~~,真是太谢谢你了！继续努力！,34000,15000,,,215,0,0,0,0,null,null
217,n,炼丹术,杀死黑幕巨猩猩、黑幕大猩猩、黑幕猩猩得到猩猩牙20颗,48,,,,,,langhaodongxue/heimulingnv400,find,,炼丹炼丹，我要猩猩牙给我炼丹！,,猩猩牙:20,,,langhaodongxue/heimulingnv400,不要说我残忍哦！~快去吧~~,真是太谢谢你了！继续努力！,31000,18000,,,216,0,0,0,0,null,null
218,n,凝炼术,杀死黑幕水蛙、黑幕巨蛙得到皮肤粘液20瓶,48,,,,,,langhaodongxue/heimulingnv400,find,,炼毒炼毒，我要皮肤粘液给我做毒药溶剂！,,皮肤粘液:20,,,langhaodongxue/heimulingnv400,不要说我残忍哦！~快去吧~~,真是太谢谢你了！继续努力！,32000,17000,,,216,0,0,0,0,null,null
219,n,炼丹术,杀死凶恶雪狼、黑幕豺狼得到狼之鬃毛20缕,48,,,,,,langhaodongxue/heimulingnv400,find,,炼丹炼丹，我要鬃毛做引子！,,狼之鬃毛:20,,,langhaodongxue/heimulingnv400,不要说我残忍哦！~快去吧~~,真是太谢谢你了！继续努力！,33000,16000,,,217,0,0,0,0,null,null
220,n,凝炼术,杀死黑幕蝙蝠、黑幕巨蝠得到蝙蝠的眼睛20颗,48,,,,,,langhaodongxue/heimulingnv400,find,,炼毒炼毒，我要眼睛做材料！,,蝙蝠的眼睛:20,,,langhaodongxue/heimulingnv400,不要说我残忍哦！~快去吧~~,真是太谢谢你了！继续努力！,34000,15000,,,218,0,0,0,0,null,null
221,n,炼丹术,杀死狰狞洞穴兽、粗毛狼人得到长毛尾巴20条,48,,,,,,langhaodongxue/heimulingnv400,find,,炼丹炼丹，我要尾巴做最后的辅料！,,长毛尾巴:20,,,langhaodongxue/heimulingnv400,不要说我残忍哦！~快去吧~~,真是太谢谢你了！继续努力！,34000,15000,,,219,0,0,0,0,null,null
222,n,凝炼术,杀死黑幕狂鱼、黑幕鳄鱼得到黑幕鱼鳞20片,48,,,,,,langhaodongxue/heimulingnv400,find,,炼毒炼毒，我要鱼鳞做最后的材料！,,黑幕鱼鳞:20,,,langhaodongxue/heimulingnv400,不要说我残忍哦！~快去吧~~,真是太谢谢你了！继续努力！,34000,15000,,,220,0,0,0,0,null,null
223,n,新的开始,杀死蓬莱水妖30个，来开始新的征程。,50,,人类,,,,plxianjing/yuyixian400,kill,,杀死蓬莱水妖这些孽畜，证明你的实力吧！,蓬莱水妖:30,,,,plxianjing/yuyixian400,快去快回!,不错，这是给你的!,35000,15000,,1,,0,0,0,0,null,null
224,n,混乱时空,杀死卷云幽魂30个，恢复正常的时空。,50,,人类,,,,plxianjing/yuyixian400,kill,,那些卷云幽魂混乱了时空，去杀了他们，以恢复扭曲的时空！,卷云幽魂:30,,,,plxianjing/yuyixian400,快去快回!,不错，这是给你的!,35000,15000,,1,223,0,0,0,0,null,null
225,n,罕见龙珠,杀死游云飞龙，得到莹亮宝珠30颗,50,,人类,,,,plxianjing/yuyixian400,find,,游云飞龙身上有一种罕见的宝珠，你给我找来！,,莹亮宝珠:30,,,plxianjing/yuyixian400,快去快回!,不错，这是给你的!,35000,17000,,,224,0,0,0,0,null,null
226,n,五彩羽翼,杀死赤鳞蛟龙、澄翼蛟龙、青翼蛟龙，得到三种颜色的羽翼各20枚,51,,人类,,,,plxianjing/yuyixian400,find,,杀死那些五颜六色的东西，给我羽翼，鲜艳让我觉得快乐！,,红色羽翼:20|黄色羽翼:20|青色羽翼:20,,,plxianjing/yuyixian400,快去快回!,不错，这是给你的!,36000,16000,,1,225,0,0,0,0,null,null
227,n,五色鳞片,杀死赤鳞飞鱼、澄鳞飞鱼、青鳞飞鱼，得到三种颜色的鳞片各20片,51,,人类,,,,plxianjing/yuyixian400,find,,杀死那些五颜六色的东西，给我鳞片，鲜艳让我觉得快乐！,,红色鳞片:20|黄色鳞片:20|青色鳞片:20,,,plxianjing/yuyixian400,快去快回!,不错，这是给你的!,36000,16000,,1,226,0,0,0,0,null,null
228,n,闪亮灵魂,杀死游移赤灵、游移澄灵、游移青灵，得到三种颜色的孤魂各20颗,51,,人类,,,,plxianjing/yuyixian400,find,,杀死那些五颜六色的东西，带来他们的孤魂，一劳永逸！,,红色孤魂:20|黄色孤魂:20|青色孤魂:20,,,plxianjing/yuyixian400,快去快回!,不错，这是给你的!,36000,16000,,1,227,0,0,0,0,null,null
229,n,五彩羽翼,杀死蓝翼蛟龙、紫翼蛟龙，得到两种颜色的羽翼各20枚,52,,人类,,,,plxianjing/yuyixian400,find,,哦，还有这些颜色呀！给我找来蓝色和紫色！,,蓝色羽翼:20|紫色羽翼:20,,,plxianjing/yuyixian400,快去快回!,不错，这是给你的!,37000,17000,,1,228,0,0,0,0,null,null
230,n,五色鳞片,杀死蓝鳞飞鱼，紫鳞飞鱼，得到两种颜色的鳞片各20片,52,,人类,,,,plxianjing/yuyixian400,find,,哦，还有这些颜色呀！给我找来蓝色和紫色！,,蓝色鳞片:20|紫色鳞片:20,,,plxianjing/yuyixian400,快去快回!,不错，这是给你的!,37000,17000,,1,229,0,0,0,0,null,null
231,n,闪亮灵魂,杀死游移蓝灵、游移紫灵，得到两种颜色的孤魂各20颗,52,,人类,,,,plxianjing/yuyixian400,find,,哦，还有这些颜色呀！给我找来蓝色和紫色！,,蓝色孤魂:20|紫色孤魂:20,,,plxianjing/yuyixian400,快去快回!,不错，这是给你的!,37000,17000,,1,230,0,0,0,0,null,null
232,n,杀戮的乐趣,杀死金毛狮鹫、混沌苍鹰、虚空妖婆各30个,53,,人类,,,,plxianjing/yuyixian400,kill,,狮鹫？苍鹰？虚空妖婆？这些家伙让我倒胃口！杀了他们！,金毛狮鹫:30|混沌苍鹰:30|虚空妖婆:30,,,,plxianjing/yuyixian400,快去快回!,不错，这是给你的!,38000,18000,,1,231,0,0,0,0,null,null
233,n,白色毛皮,杀死藏云兔精，得到白色兔毛20撮,53,,人类,,,,plxianjing/yuyixian400,find,,藏云兔精的毛皮让我着迷，杀了他们，给我找来！,,白色兔毛:20,,,plxianjing/yuyixian400,快去快回!,不错，这是给你的!,38000,19000,,,232,0,0,0,0,null,null
234,n,细碎鳞片,杀死妖媚蛇精，收集细碎鳞片100片,53,,人类,,,,plxianjing/yuyixian400,find,,那些妖媚的蛇精鳞片可以做驱毒药剂，杀了他们，给我收集一些,,细碎鳞片:100,,,plxianjing/yuyixian400,快去快回!,不错，这是给你的!,38000,19000,,,233,0,0,0,0,null,null
235,n,白鹤的尾翎,杀死振翅白鹤，得到白鹤的尾翎20枚,54,,人类,,,,plxianjing/yuyixian400,find,,杀死振翅白鹤，得到他们的尾翎，我喜欢收集美丽的羽毛！,,白鹤尾翎:20,,,plxianjing/yuyixian400,快去快回!,不错，这是给你的!,39000,21000,,,234,0,0,0,0,null,null
236,n,花鹿银铃,杀死银铃花鹿，得到项上银铃20个,54,,人类,,,,plxianjing/yuyixian400,find,,杀死银铃花鹿，得到他们项上的银铃，装点我的家！,,银铃:20,,,plxianjing/yuyixian400,快去快回!,不错，这是给你的!,39000,21000,,,235,0,0,0,0,null,null
237,n,杀戮之乐,杀死凝泪水妖、飘渺仙灵各30个,54,,人类,,,,plxianjing/yuyixian400,kill,,凝泪水妖？飘渺仙灵？杀了他们！享受这种乐趣！,凝泪水妖:30|飘渺仙灵:30,,,,plxianjing/yuyixian400,快去快回!,不错，这是给你的!,39000,20000,,1,236,0,0,0,0,null,null
238,n,新的开始,杀死蓬莱水妖30个，来开始新的征程。,50,,妖魔,,,,plxianjin/yuyuan400,kill,,杀死蓬莱水妖这些孽畜，证明你的实力吧！,蓬莱水妖:30,,,,plxianjin/yuyuan400,快去快回!,不错，这是给你的!,35000,15000,,1,,0,0,0,0,null,null
239,n,混乱时空,杀死卷云幽魂30个，恢复正常的时空。,50,,妖魔,,,,plxianjin/yuyuan400,kill,,那些卷云幽魂混乱了时空，去杀了他们，以恢复扭曲的时空！,卷云幽魂:30,,,,plxianjin/yuyuan400,快去快回!,不错，这是给你的!,35000,15000,,1,238,0,0,0,0,null,null
240,n,罕见龙珠,杀死游云飞龙，得到莹亮宝珠30颗,50,,妖魔,,,,plxianjin/yuyuan400,find,,游云飞龙身上有一种罕见的宝珠，你给我找来！,,莹亮宝珠:30,,,plxianjin/yuyuan400,快去快回!,不错，这是给你的!,35000,17000,,,239,0,0,0,0,null,null
241,n,五彩羽翼,杀死赤鳞蛟龙、澄翼蛟龙、青翼蛟龙，得到三种颜色的羽翼各20枚,51,,妖魔,,,,plxianjin/yuyuan400,find,,杀死那些五颜六色的东西，给我羽翼，鲜艳让我觉得快乐！,,红色羽翼:20|黄色羽翼:20|青色羽翼:20,,,plxianjin/yuyuan400,快去快回!,不错，这是给你的!,36000,16000,,1,240,0,0,0,0,null,null
242,n,五色鳞片,杀死赤鳞飞鱼、澄鳞飞鱼、青鳞飞鱼，得到三种颜色的鳞片各20片,51,,妖魔,,,,plxianjin/yuyuan400,find,,杀死那些五颜六色的东西，给我鳞片，鲜艳让我觉得快乐！,,红色鳞片:20|黄色鳞片:20|青色鳞片:20,,,plxianjin/yuyuan400,快去快回!,不错，这是给你的!,36000,16000,,1,241,0,0,0,0,null,null
243,n,闪亮灵魂,杀死游移赤灵、游移澄灵、游移青灵，得到三种颜色的孤魂各20颗,51,,妖魔,,,,plxianjin/yuyuan400,find,,杀死那些五颜六色的东西，带来他们的孤魂，一劳永逸！,,红色孤魂:20|黄色孤魂:20|青色孤魂:20,,,plxianjin/yuyuan400,快去快回!,不错，这是给你的!,36000,16000,,1,242,0,0,0,0,null,null
244,n,五彩羽翼,杀死蓝翼蛟龙、紫翼蛟龙，得到两种颜色的羽翼各20枚,52,,妖魔,,,,plxianjin/yuyuan400,find,,哦，还有这些颜色呀！给我找来蓝色和紫色！,,蓝色羽翼:20|紫色羽翼:20,,,plxianjin/yuyuan400,快去快回!,不错，这是给你的!,37000,17000,,1,243,0,0,0,0,null,null
245,n,五色鳞片,杀死蓝鳞飞鱼，紫鳞飞鱼，得到两种颜色的鳞片各20片,52,,妖魔,,,,plxianjin/yuyuan400,find,,哦，还有这些颜色呀！给我找来蓝色和紫色！,,蓝色鳞片:20|紫色鳞片:20,,,plxianjin/yuyuan400,快去快回!,不错，这是给你的!,37000,17000,,1,244,0,0,0,0,null,null
246,n,闪亮灵魂,杀死游移蓝灵、游移紫灵，得到两种颜色的孤魂各20颗,52,,妖魔,,,,plxianjin/yuyuan400,find,,哦，还有这些颜色呀！给我找来蓝色和紫色！,,蓝色孤魂:20|紫色孤魂:20,,,plxianjin/yuyuan400,快去快回!,不错，这是给你的!,37000,17000,,1,245,0,0,0,0,null,null
247,n,杀戮的乐趣,杀死金毛狮鹫、混沌苍鹰、虚空妖婆各30个,53,,妖魔,,,,plxianjin/yuyuan400,kill,,狮鹫？苍鹰？虚空妖婆？这些家伙让我倒胃口！杀了他们！,金毛狮鹫:30|混沌苍鹰:30|虚空妖婆:30,,,,plxianjin/yuyuan400,快去快回!,不错，这是给你的!,38000,18000,,1,246,0,0,0,0,null,null
248,n,白色毛皮,杀死藏云兔精，得到白色兔毛20撮,53,,妖魔,,,,plxianjin/yuyuan400,find,,藏云兔精的毛皮让我着迷，杀了他们，给我找来！,,白色兔毛:20,,,plxianjin/yuyuan400,快去快回!,不错，这是给你的!,38000,19000,,,247,0,0,0,0,null,null
249,n,细碎鳞片,杀死妖媚蛇精，收集细碎鳞片100片,53,,妖魔,,,,plxianjin/yuyuan400,find,,那些妖媚的蛇精鳞片可以做驱毒药剂，杀了他们，给我收集一些,,细碎鳞片:100,,,plxianjin/yuyuan400,快去快回!,不错，这是给你的!,38000,19000,,,248,0,0,0,0,null,null
250,n,白鹤的尾翎,杀死振翅白鹤，得到白鹤的尾翎20枚,54,,妖魔,,,,plxianjin/yuyuan400,find,,杀死振翅白鹤，得到他们的尾翎，我喜欢收集美丽的羽毛！,,白鹤尾翎:20,,,plxianjin/yuyuan400,快去快回!,不错，这是给你的!,39000,21000,,,249,0,0,0,0,null,null
251,n,花鹿银铃,杀死银铃花鹿，得到项上银铃20个,54,,妖魔,,,,plxianjin/yuyuan400,find,,杀死银铃花鹿，得到他们项上的银铃，装点我的家！,,银铃:20,,,plxianjin/yuyuan400,快去快回!,不错，这是给你的!,39000,21000,,,250,0,0,0,0,null,null
252,n,杀戮之乐,杀死凝泪水妖、飘渺仙灵各30个,54,,妖魔,,,,plxianjin/yuyuan400,kill,,凝泪水妖？飘渺仙灵？杀了他们！享受这种乐趣！,凝泪水妖:30|飘渺仙灵:30,,,,plxianjin/yuyuan400,快去快回!,不错，这是给你的!,39000,20000,,1,251,0,0,0,0,null,null
253,n,【剑】金毛狮鹫,杀死金毛狮鹫得到狮鹫之尾十条,53,,人类,,剑仙,,plxianjing/yuyixian400,find,,剑仙，开始技能磨练的第一步吧！杀死金毛狮鹫，得到狮鹫之尾十条,,狮鹫之尾:10,,,plxianjing/yuyixian400,想要技能书，就速去速回吧!,第一课你完成的不错，接下来会更难!,37000,17000,,,,300,0,0,0,null,null
254,n,【剑】冥府之行,杀死秦广王，五道转轮王，阎罗王,53,,人类,,剑仙,,plxianjing/yuyixian400,kill,,有些败类藏在冥府之中，除掉他们！,阎罗王:1|秦广王:1|五道转轮王:1,,,,plxianjing/yuyixian400,想要技能书，就速去速回吧!,很好！继续努力！,37000,17000,,,253,0,0,0,0,null,null
255,n,【剑】蛟龙巢穴,杀死金蛟龙，木蛟龙，水蛟龙，火蛟龙，土蛟龙，七彩龙，金翅蛟龙王,53,,人类,,剑仙,,plxianjing/yuyixian400,kill,,还有些败类存在于蛟龙巢穴中，麻烦你去跑一趟吧！,金蛟龙:1|木蛟龙:1|水蛟龙:1|火蛟龙:1|土蛟龙:1|七彩龙:1|金翅蛟龙王:1,,,,plxianjing/yuyixian400,想要技能书，就速去速回吧!,努力吧!你不会失望的!,37000,17000,,,254,0,0,0,0,null,null
256,n,【剑】鹰羽,杀死混沌苍鹰，得到苍鹰尾羽五根,53,,人类,,剑仙,,plxianjing/yuyixian400,find,,找到这羽毛可不是件容易的事情，但是剑仙，你必须找到它跟我换你要的东西！,,苍鹰尾羽:5,,,plxianjing/yuyixian400,想要技能书，就速去速回吧!,真的找来了?那我也不会食言，这书就给你吧!,37000,17000,book/xinhunzhuanhua:1,,255,0,0,0,0,null,null
257,n,【羽】虚空妖婆,杀死虚空妖婆，得到妖法水球十颗,53,,人类,,羽士,,plxianjing/yuyixian400,find,,羽士，开始你技能磨练的第一步吧！杀死虚空妖婆，得到他们手中的妖法水球十颗！,,妖法水球:10,,,plxianjing/yuyixian400,想要技能书，就速去速回吧!,第一课你完成的不错，接下来会更难!,37000,17000,,,,0,300,0,0,null,null
258,n,【羽】冥府之行,杀死秦广王，五道转轮王，阎罗王,53,,人类,,羽士,,plxianjing/yuyixian400,kill,,有些败类藏在冥府之中，除掉他们！,阎罗王:1|秦广王:1|五道转轮王:1,,,,plxianjing/yuyixian400,想要技能书，就速去速回吧!,很好！继续努力！,37000,17000,,,257,0,0,0,0,null,null
259,n,【羽】蛟龙巢穴,杀死金蛟龙，木蛟龙，水蛟龙，火蛟龙，土蛟龙，七彩龙，金翅蛟龙王,53,,人类,,羽士,,plxianjing/yuyixian400,kill,,还有些败类存在于蛟龙巢穴中，麻烦你去跑一趟吧！,金蛟龙:1|木蛟龙:1|水蛟龙:1|火蛟龙:1|土蛟龙:1|七彩龙:1|金翅蛟龙王:1,,,,plxianjing/yuyixian400,想要技能书，就速去速回吧!,努力吧!你不会失望的!,37000,17000,,,258,0,0,0,0,null,null
260,n,【羽】仙灵之魂,杀死飘渺仙灵，得到仙灵之魂五颗,53,,人类,,羽士,,plxianjing/yuyixian400,find,,仙灵之魂，仙灵之魂，拿这个跟我换你想要的东西！,,仙灵之魂:5,,,plxianjing/yuyixian400,想要技能书，就速去速回吧!,真的找来了?那我也不会食言，这书就给你吧!,37000,17000,book/fashukuangchao:1,,259,0,0,0,0,null,null
261,n,【诛】凝泪水妖,杀死凝泪水妖，得到凝泪之眼十颗,53,,人类,,诛仙,,plxianjing/yuyixian400,find,,诛仙，技能学习第一步：杀死凝泪水妖得到凝泪之眼十颗！,,凝泪之眼:10,,,plxianjing/yuyixian400,想要技能书，就速去速回吧!,第一课你完成的不错，接下来会更难!,37000,17000,,,,0,0,300,0,null,null
262,n,【诛】冥府之行,杀死秦广王，五道转轮王，阎罗王,53,,人类,,诛仙,,plxianjing/yuyixian400,kill,,有些败类藏在冥府之中，除掉他们！,阎罗王:1|秦广王:1|五道转轮王:1,,,,plxianjing/yuyixian400,想要技能书，就速去速回吧!,很好！继续努力！,37000,17000,,,261,0,0,0,0,null,null
263,n,【诛】蛟龙巢穴,杀死金蛟龙，木蛟龙，水蛟龙，火蛟龙，土蛟龙，七彩龙，金翅蛟龙王,53,,人类,,诛仙,,plxianjing/yuyixian400,kill,,还有些败类存在于蛟龙巢穴中，麻烦你去跑一趟吧！,金蛟龙:1|木蛟龙:1|水蛟龙:1|火蛟龙:1|土蛟龙:1|七彩龙:1|金翅蛟龙王:1,,,,plxianjing/yuyixian400,想要技能书，就速去速回吧!,努力吧!你不会失望的!,37000,17000,,,262,0,0,0,0,null,null
264,n,【诛】蛇精,杀死妖媚蛇精，得到蛇之精粹五瓶,53,,人类,,诛仙,,plxianjing/yuyixian400,find,,去找到蛇之精粹，来和我交换！,,蛇之精粹:5,,,plxianjing/yuyixian400,想要技能书，就速去速回吧!,真的找来了?那我也不会食言，这书就给你吧!,37000,17000,book/shishabenneng:1,,263,0,0,0,0,null,null
265,n,【狂】混沌苍鹰,杀死混沌苍鹰，得到苍鹰之眼十颗,53,,妖魔,,狂妖,,plxianjin/yuyuan400,find,,狂妖，技能学习可不是那么简单的事情，先去杀了混沌苍鹰，得到十颗苍鹰之眼吧！,,苍鹰之眼:10,,,plxianjin/yuyuan400,想要技能书，就速去速回吧!,第一课你完成的不错，接下来会更难!,37000,17000,,,,300,0,0,0,null,null
266,n,【狂】毒物鬼域,杀死虚幻鬼帅，妖鸟鬼车，伯夫鬼王,53,,妖魔,,狂妖,,plxianjin/yuyuan400,kill,,一些败类藏在毒物鬼域中，你，狂妖，杀了他们！,虚幻鬼帅:1|妖鸟鬼车:1|伯夫鬼王:1,,,,plxianjin/yuyuan400,想要技能书，就速去速回吧!,很好！继续努力！,37000,17000,,,265,0,0,0,0,null,null
267,n,【狂】蛟龙巢穴,杀死金蛟龙，木蛟龙，水蛟龙，火蛟龙，土蛟龙，七彩龙，金翅蛟龙王,53,,妖魔,,狂妖,,plxianjin/yuyuan400,kill,,还有一些败类存在于蛟龙巢穴中，你跑一趟吧！,金蛟龙:1|木蛟龙:1|水蛟龙:1|火蛟龙:1|土蛟龙:1|七彩龙:1|金翅蛟龙王:1,,,,plxianjin/yuyuan400,想要技能书，就速去速回吧!,努力吧!你不会失望的!,37000,17000,,,266,0,0,0,0,null,null
268,n,【狂】狮鹫之眼,杀死金毛狮鹫，得到狮鹫之眼五颗,53,,妖魔,,狂妖,,plxianjin/yuyuan400,find,,杀了金毛狮鹫得到狮鹫之眼，你就可以和我换到你想要的东西！,,狮鹫之眼:5,,,plxianjin/yuyuan400,想要技能书，就速去速回吧!,真的找来了?那我也不会食言，这书就给你吧!,37000,17000,book/xueranjiangshan:1,,267,0,0,0,0,null,null
269,n,【巫】飘渺仙灵,杀死飘渺仙灵，得到仙灵之眼十颗,53,,妖魔,,巫妖,,plxianjin/yuyuan400,find,,巫妖，技能学习第一课：杀死飘渺仙灵，得到仙灵之眼！,,仙灵之眼:10,,,plxianjin/yuyuan400,想要技能书，就速去速回吧!,第一课你完成的不错，接下来会更难!,37000,17000,,,,0,300,0,0,null,null
270,n,【巫】毒物鬼域,杀死虚幻鬼帅，妖鸟鬼车，伯夫鬼王,53,,妖魔,,巫妖,,plxianjin/yuyuan400,kill,,一些败类藏在毒物鬼域中，你，狂妖，杀了他们！,虚幻鬼帅:1|妖鸟鬼车:1|伯夫鬼王:1,,,,plxianjin/yuyuan400,想要技能书，就速去速回吧!,很好！继续努力！,37000,17000,,,269,0,0,0,0,null,null
271,n,【巫】蛟龙巢穴,杀死金蛟龙，木蛟龙，水蛟龙，火蛟龙，土蛟龙，七彩龙，金翅蛟龙王,53,,妖魔,,巫妖,,plxianjin/yuyuan400,kill,,还有一些败类存在于蛟龙巢穴中，你跑一趟吧！,金蛟龙:1|木蛟龙:1|水蛟龙:1|火蛟龙:1|土蛟龙:1|七彩龙:1|金翅蛟龙王:1,,,,plxianjin/yuyuan400,想要技能书，就速去速回吧!,努力吧!你不会失望的!,37000,17000,,,270,0,0,0,0,null,null
272,n,【巫】虚空精华,杀死虚空妖婆，得到虚空精华五瓶,53,,妖魔,,巫妖,,plxianjin/yuyuan400,find,,杀死虚空妖婆，得到虚空精华五瓶，来和我换你想要的东西！,,虚空精华:5,,,plxianjin/yuyuan400,想要技能书，就速去速回吧!,真的找来了?那我也不会食言，这书就给你吧!,37000,17000,book/shenzhishufu:1,,271,0,0,0,0,null,null
273,n,【影】妖媚蛇精,杀死妖媚蛇精，得到毒蛇之眼十颗,53,,妖魔,,影鬼,,plxianjin/yuyuan400,find,,影鬼技能学习第一课：杀死妖媚蛇精，得到毒蛇之眼十颗！,,毒蛇之眼:10,,,plxianjin/yuyuan400,想要技能书，就速去速回吧!,第一课你完成的不错，接下来会更难!,37000,17000,,,,0,0,300,0,null,null
274,n,【影】毒物鬼域,杀死虚幻鬼帅，妖鸟鬼车，伯夫鬼王,53,,妖魔,,影鬼,,plxianjin/yuyuan400,kill,,一些败类藏在毒物鬼域中，你，狂妖，杀了他们！,虚幻鬼帅:1|妖鸟鬼车:1|伯夫鬼王:1,,,,plxianjin/yuyuan400,想要技能书，就速去速回吧!,很好！继续努力！,37000,17000,,,273,0,0,0,0,null,null
275,n,【影】蛟龙巢穴,杀死金蛟龙，木蛟龙，水蛟龙，火蛟龙，土蛟龙，七彩龙，金翅蛟龙王,53,,妖魔,,影鬼,,plxianjin/yuyuan400,kill,,还有一些败类存在于蛟龙巢穴中，你跑一趟吧！,金蛟龙:1|木蛟龙:1|水蛟龙:1|火蛟龙:1|土蛟龙:1|七彩龙:1|金翅蛟龙王:1,,,,plxianjin/yuyuan400,想要技能书，就速去速回吧!,努力吧!你不会失望的!,37000,17000,,,274,0,0,0,0,null,null
276,n,【影】水妖之泪,杀死凝泪水妖，得到水妖之泪五滴,53,,妖魔,,影鬼,,plxianjin/yuyuan400,find,,技能书？拿水妖之泪来和我交换！,,水妖之泪:5,,,plxianjin/yuyuan400,想要技能书，就速去速回吧!,真的找来了?那我也不会食言，这书就给你吧!,37000,17000,book/jinchanmeiying:1,,275,0,0,0,0,null,null
277,n,【日常】羽化村,杀死沙虫、游魂、毒雾火蛇、黄沙蜥蜴,15,,妖魔,,,,jinaodao/qiuyin400,kill,,到羽化村附近去，消灭这些敌人！,沙虫:30|游魂:30|毒雾火蛇:30|黄沙蜥蜴:30,,,,jinaodao/qiuyin400,为了银色徽记！快去快回！,干的不错！这枚银色徽记就是你的了！,,300,bossdrop/yinsehuiji:1,2,,,,,,null,null
278,n,【日常】金鳌岛,杀死天仙教刺客、道士、力士、夜莺,15,,妖魔,,,,jinaodao/qiuyin400,kill,,到金鳌岛附近去，消灭这些敌人！,天仙教刺客:30|道士:30|力士:30|夜莺:30,,,,jinaodao/qiuyin400,为了银色徽记！快去快回！,干的不错！这枚银色徽记就是你的了！,,300,bossdrop/yinsehuiji:1,2,,,,,,null,null
279,n,【日常】碧游宫,杀死濒死诛仙、散仙、修真士、落魄剑仙,15,,妖魔,,,,jinaodao/qiuyin400,kill,,到碧游宫附近去，消灭这些敌人！,濒死诛仙:30|散仙:30|修真士:30|落魄剑仙:30,,,,jinaodao/qiuyin400,为了银色徽记！快去快回！,干的不错！这枚银色徽记就是你的了！,,300,bossdrop/yinsehuiji:1,2,,,,,,null,null
280,n,【日常】福寿山,杀死农夫、樵夫、福寿守卫、小贩,15,,妖魔,,,,jinaodao/qiuyin400,kill,,到福寿山去消灭这些敌人！,农夫:30|樵夫:30|福寿守卫:30|小贩:30,,,,jinaodao/qiuyin400,为了银色徽记！快去快回！,干的不错！这枚银色徽记就是你的了！,,300,bossdrop/yinsehuiji:1,2,,,,,,null,null
281,n,【日常】绿血深渊,杀死变异毒瘤、万乘金甲王、毒龙王,15,,妖魔,,,,jinaodao/qiuyin400,kill,,到绿血深渊消灭这些敌人！,变异毒瘤:1|万乘金甲王:1|毒龙王:1,,,,jinaodao/qiuyin400,为了银色徽记！快去快回！,干的不错！这枚银色徽记就是你的了！,,300,bossdrop/yinsehuiji:1,2,,,,,,null,null
282,n,【日常】蜈蚣洞穴,杀死黑翅毒蜂、象鼻毒虫、赤血蜈蚣、百足蜈蚣、青色毒蝎,35,,妖魔,,,,jinaodao/qiuyin400,kill,,到蜈蚣洞消灭这些敌人！,黑翅毒蜂:30|象鼻毒虫:30|赤血蜈蚣:30|百足蜈蚣:30|青色毒蝎:30,,,,jinaodao/qiuyin400,为了银色徽记！快去快回！,干的不错！这枚银色徽记就是你的了！,,400,bossdrop/yinsehuiji:2,2,,,,,,null,null
283,n,【日常】两镜湖,杀死玫瑰藤、毒花婆婆、铁甲乌龟、小荷妖、荷花女,35,,妖魔,,,,jinaodao/qiuyin400,kill,,到两镜湖去消灭他们！,玫瑰藤:30|毒花婆婆:30|铁甲乌龟:30|小荷妖:30|荷花女:30,,,,jinaodao/qiuyin400,为了银色徽记！快去快回！,干的不错！这枚银色徽记就是你的了！,,400,bossdrop/yinsehuiji:2,2,,,,,,null,null
284,n,【日常】蓬莱水阁,杀死小云妖、水雾魔怪、素蛟龙、逐浪火鹤、云海蟹怪,35,,妖魔,,,,jinaodao/qiuyin400,kill,,这次蓬莱水阁是你的战场,小云妖:30|水雾魔怪:30|素蛟龙:30|逐浪火鹤:30|云海蟹怪:30,,,,jinaodao/qiuyin400,为了银色徽记！快去快回！,干的不错！这枚银色徽记就是你的了！,,400,bossdrop/yinsehuiji:2,2,,,,,,null,null
285,n,【日常】牧野,杀死周军兵卒、周军刀斧手、周军骑兵、周军枪兵,35,,妖魔,,,,jinaodao/qiuyin400,kill,,这次牧野是你的战场！快去吧！,周军兵卒:30|周军刀斧手:30|周军骑兵:30|周军枪兵:30,,,,jinaodao/qiuyin400,为了银色徽记！快去快回！,干的不错！这枚银色徽记就是你的了！,,400,bossdrop/yinsehuiji:2,2,,,,,,null,null
286,n,【日常】毒物鬼域,杀死虚幻鬼帅，妖鸟鬼车，伯夫鬼王,35,,妖魔,,,,jinaodao/qiuyin400,kill,,到毒物鬼域消灭他们！,虚幻鬼帅:1|妖鸟鬼车:1|伯夫鬼王:1,,,,jinaodao/qiuyin400,为了银色徽记！快去快回！,干的不错！这枚银色徽记就是你的了！,,400,bossdrop/yinsehuiji:2,2,,,,,,null,null
287,n,【日常】外海,杀死白羽毛藻、影蝴蝶鱼、魔天影鲨、银顶巨鲸、晶刺水母、持戟人鱼,50,,妖魔,,,,jinaodao/qiuyin400,kill,,到外海消灭这些败类！,白羽毛藻:30|影蝴蝶鱼:30|魔天影鲨:30|银顶巨鲸:30|晶刺水母:30|持戟人鱼:30,,,,jinaodao/qiuyin400,为了银色徽记！快去快回！,干的不错！这枚银色徽记就是你的了！,,500,bossdrop/yinsehuiji:3,2,,,,,,null,null
288,n,【日常】伏羲山,杀死伏羲朝拜者、深山求仙者、深山苦修者、伏羲护卫、伏羲变异哨兵,50,,妖魔,,,,jinaodao/qiuyin400,kill,,到伏羲山去消灭这些败类！,伏羲朝拜者:30|深山求仙者:30|深山苦修者:30|伏羲护卫:30|伏羲变异哨兵:30,,,,jinaodao/qiuyin400,为了银色徽记！快去快回！,干的不错！这枚银色徽记就是你的了！,,500,bossdrop/yinsehuiji:3,2,,,,,,null,null
289,n,【日常】流光平原,杀死金色甲虫、流光狼蛛、平原青鸟、平原巡逻兵、平原雪狼,50,,妖魔,,,,jinaodao/qiuyin400,kill,,流光平原，快去杀了他们！,金色甲虫:30|流光狼蛛:30|平原青鸟:30|平原巡逻兵:30|平原雪狼:30,,,,jinaodao/qiuyin400,为了银色徽记！快去快回！,干的不错！这枚银色徽记就是你的了！,,500,bossdrop/yinsehuiji:3,2,,,,,,null,null
290,n,【日常】蓬莱仙境,杀死蓬莱水妖、银铃花鹿、飘渺仙灵、游云飞龙、卷云幽魂,50,,妖魔,,,,jinaodao/qiuyin400,kill,,这些人越来越猖狂，消灭他们！,蓬莱水妖:30|银铃花鹿:30|飘渺仙灵:30|游云飞龙:30|卷云幽魂:30,,,,jinaodao/qiuyin400,为了银色徽记！快去快回！,干的不错！这枚银色徽记就是你的了！,,500,bossdrop/yinsehuiji:3,2,,,,,,null,null
291,n,【日常】蛟龙巢穴,杀死金蛟龙、木蛟龙、水蛟龙、火蛟龙、土蛟龙、七彩龙、金翅蛟龙王,50,,妖魔,,,,jinaodao/qiuyin400,kill,,到蛟龙巢穴消灭这些败类！,金蛟龙:1|木蛟龙:1|水蛟龙:1|火蛟龙:1|土蛟龙:1|七彩龙:1|金翅蛟龙王:1,,,,jinaodao/qiuyin400,为了银色徽记！快去快回！,干的不错！这枚银色徽记就是你的了！,,500,bossdrop/yinsehuiji:3,2,,,,,,null,null
292,n,【日常】从仙镇,杀死霜狼、土蝼、无脑僵尸、钦原,15,,人类,,,,kunlunshan/luhexiantong400,kill,,到从仙镇附近去消灭这些败类！,霜狼:30|土蝼:30|无脑僵尸:30|钦原:30,,,,kunlunshan/luhexiantong400,为了银色徽记！快去快回！,干的不错！这枚银色徽记就是你的了！,,300,bossdrop/yinsehuiji:1,2,,,,,,null,null
293,n,【日常】昆仑山,杀死虚空幻影、飘渺魔影、天仙教妖道、食肉蝙蝠,15,,人类,,,,kunlunshan/luhexiantong400,kill,,到昆仑山去历练一下吧！,虚空幻影:30|飘渺魔影:30|天仙教妖道:30|食肉蝙蝠:30,,,,kunlunshan/luhexiantong400,为了银色徽记！快去快回！,干的不错！这枚银色徽记就是你的了！,,300,bossdrop/yinsehuiji:1,2,,,,,,null,null
294,n,【日常】玉虚宫,杀死虚空幻影、无影幻兽、飘渺魔影、混沌巨鹰,15,,人类,,,,kunlunshan/luhexiantong400,kill,,到玉虚宫附近消灭我们的敌人！,虚空幻影:30|无影幻兽:30|飘渺魔影:30|混沌巨鹰:30,,,,kunlunshan/luhexiantong400,为了银色徽记！快去快回！,干的不错！这枚银色徽记就是你的了！,,300,bossdrop/yinsehuiji:1,2,,,,,,null,null
295,n,【日常】黄家庄,杀死荒野豺狼、散架骷髅、腐烂僵尸、腐蚀鸟,15,,人类,,,,kunlunshan/luhexiantong400,kill,,去黄家庄消灭这些败类！,荒野豺狼:30|散架骷髅:30|腐烂僵尸:30|腐蚀鸟:30,,,,kunlunshan/luhexiantong400,为了银色徽记！快去快回！,干的不错！这枚银色徽记就是你的了！,,300,bossdrop/yinsehuiji:1,2,,,,,,null,null
296,n,【日常】幽澜秘境,杀死馨兰花妖王、文竹绿妖、太阳王,15,,人类,,,,kunlunshan/luhexiantong400,kill,,到幽澜秘境去，杀了头领！,馨兰花妖王:1|文竹绿妖:1|太阳王:1,,,,kunlunshan/luhexiantong400,为了银色徽记！快去快回！,干的不错！这枚银色徽记就是你的了！,,300,bossdrop/yinsehuiji:1,2,,,,,,null,null
297,n,【日常】将军墓,杀死鬼灵弓兵、骷髅战马、陵墓守卫、怨鬼、金甲骸骨,35,,人类,,,,kunlunshan/luhexiantong400,kill,,到将军墓去杀了那些装神弄鬼的东西！,鬼灵弓兵:30|骷髅战马:30|陵墓守卫:30|怨鬼:30|金甲骸骨:30,,,,kunlunshan/luhexiantong400,为了银色徽记！快去快回！,干的不错！这枚银色徽记就是你的了！,,400,bossdrop/yinsehuiji:2,2,,,,,,null,null
298,n,【日常】两镜湖,杀死玫瑰藤、毒花婆婆、铁甲乌龟、小荷妖、荷花女,35,,人类,,,,kunlunshan/luhexiantong400,kill,,到两镜湖去历练吧！,玫瑰藤:30|毒花婆婆:30|铁甲乌龟:30|小荷妖:30|荷花女:30,,,,kunlunshan/luhexiantong400,为了银色徽记！快去快回！,干的不错！这枚银色徽记就是你的了！,,400,bossdrop/yinsehuiji:2,2,,,,,,null,null
299,n,【日常】蓬莱水阁,杀死小云妖、水雾魔怪、素蛟龙、逐浪火鹤、云海蟹怪,35,,人类,,,,kunlunshan/luhexiantong400,kill,,去蓬莱水阁吧，消灭那里的敌人！,小云妖:30|水雾魔怪:30|素蛟龙:30|逐浪火鹤:30|云海蟹怪:30,,,,kunlunshan/luhexiantong400,为了银色徽记！快去快回！,干的不错！这枚银色徽记就是你的了！,,400,bossdrop/yinsehuiji:2,2,,,,,,null,null
300,n,【日常】牧野,杀死周军兵卒、周军刀斧手、周军骑兵、周军枪兵,35,,人类,,,,kunlunshan/luhexiantong400,kill,,牧野是你的战场，快去吧！,周军兵卒:30|周军刀斧手:30|周军骑兵:30|周军枪兵:30,,,,kunlunshan/luhexiantong400,为了银色徽记！快去快回！,干的不错！这枚银色徽记就是你的了！,,400,bossdrop/yinsehuiji:2,2,,,,,,null,null
301,n,【日常】冥府,杀死秦广王，五道转轮王，阎罗王,35,,人类,,,,kunlunshan/luhexiantong400,kill,,冥府，那些头领非常令人厌恶，杀了他们！,阎罗王:1|秦广王:1|五道转轮王:1,,,,kunlunshan/luhexiantong400,为了银色徽记！快去快回！,干的不错！这枚银色徽记就是你的了！,,400,bossdrop/yinsehuiji:2,2,,,,,,null,null
302,n,【日常】外海,杀死白羽毛藻、影蝴蝶鱼、魔天影鲨、银顶巨鲸、晶刺水母、持戟人鱼,50,,人类,,,,kunlunshan/luhexiantong400,kill,,到外海消灭这些败类！,白羽毛藻:30|影蝴蝶鱼:30|魔天影鲨:30|银顶巨鲸:30|晶刺水母:30|持戟人鱼:30,,,,kunlunshan/luhexiantong400,为了银色徽记！快去快回！,干的不错！这枚银色徽记就是你的了！,,500,bossdrop/yinsehuiji:3,2,,,,,,null,null
303,n,【日常】炎帝谷,杀死山谷迷途者、山谷求仙者、逃逸苦力、山谷苦修者、山谷幽影,50,,人类,,,,kunlunshan/luhexiantong400,kill,,去炎帝谷消灭他们！,山谷迷途者:30|山谷求仙者:30|逃逸苦力:30|山谷苦修者:30|山谷幽影:30,,,,kunlunshan/luhexiantong400,为了银色徽记！快去快回！,干的不错！这枚银色徽记就是你的了！,,500,bossdrop/yinsehuiji:3,2,,,,,,null,null
304,n,【日常】流光平原,杀死金色甲虫、流光狼蛛、平原青鸟、平原巡逻兵、平原雪狼,50,,人类,,,,kunlunshan/luhexiantong400,kill,,流光平原，快去杀了他们！,金色甲虫:30|流光狼蛛:30|平原青鸟:30|平原巡逻兵:30|平原雪狼:30,,,,kunlunshan/luhexiantong400,为了银色徽记！快去快回！,干的不错！这枚银色徽记就是你的了！,,500,bossdrop/yinsehuiji:3,2,,,,,,null,null
305,n,【日常】蓬莱仙境,杀死蓬莱水妖、银铃花鹿、飘渺仙灵、游云飞龙、卷云幽魂,50,,人类,,,,kunlunshan/luhexiantong400,kill,,这些人越来越猖狂，消灭他们！,蓬莱水妖:30|银铃花鹿:30|飘渺仙灵:30|游云飞龙:30|卷云幽魂:30,,,,kunlunshan/luhexiantong400,为了银色徽记！快去快回！,干的不错！这枚银色徽记就是你的了！,,500,bossdrop/yinsehuiji:3,2,,,,,,null,null
306,n,【日常】蛟龙巢穴,杀死金蛟龙、木蛟龙、水蛟龙、火蛟龙、土蛟龙、七彩龙、金翅蛟龙王,50,,人类,,,,kunlunshan/luhexiantong400,kill,,到蛟龙巢穴消灭这些败类！,金蛟龙:1|木蛟龙:1|水蛟龙:1|火蛟龙:1|土蛟龙:1|七彩龙:1|金翅蛟龙王:1,,,,kunlunshan/luhexiantong400,为了银色徽记！快去快回！,干的不错！这枚银色徽记就是你的了！,,500,bossdrop/yinsehuiji:3,2,,,,,,null,null
307,n,扫除妖孽,杀死长桥守卫、游荡道人各1名，完成后找玉柱洞练气士云中子复命,1,,人类,,,,zhongnanshan/yunzhongzi400,kill,1,新人，来第一次挑战吧！,长桥守卫:1|游荡道人:1,,,,zhongnanshan/yunzhongzi400,快去快回！,作为新人，你干的不错！,150,300,,,,,,,,wujinchangqiao/wujinchangqiao,zhongnanshan/yuzhudong
308,n,清除杂念,杀死白骨幻象、冤鬼魂各1名，完成后找玉柱洞练气士云中子复命,1,,人类,,,,zhongnanshan/yunzhongzi400,kill,1,清除你脑中的杂念吧！,白骨幻象:1|冤鬼魂:1,,,,zhongnanshan/yunzhongzi400,快去快回！,你又一次完成了任务？,450,300,,,307,,,,,wujinchangqiao/wujinchangqiao,zhongnanshan/yuzhudong
309,n,扫除妖孽,杀死幻夜守卫、幻夜骑兵各2名，完成后找玉柱洞练气士云中子复命,3,,人类,,,,zhongnanshan/yunzhongzi400,kill,1,杀死幻夜村的败类！,幻夜守卫:2|幻夜骑兵:2,,,,zhongnanshan/yunzhongzi400,快去快回！,作为新人，你干的不错！,900,500,,,308,,,,,huanyecun/huanyecun,zhongnanshan/yuzhudong
310,n,清理村落,杀死闪亮妖虫3只，幻夜村民3名，完成后找玉柱洞练气士云中子复命,3,,人类,,,,zhongnanshan/yunzhongzi400,kill,1,杀死幻夜村的败类！,闪亮妖虫:3|幻夜村民:3,,,,zhongnanshan/yunzhongzi400,快去快回！,继续努力！,1600,500,,,309,,,,,huanyecun/huanyecun,zhongnanshan/yuzhudong
311,n,神器,杀死幻夜神婆，得到2个施法神器，完成后找玉柱洞练气士云中子复命,3,,人类,,,,zhongnanshan/yunzhongzi400,find,1,杀死那些装神弄鬼的神婆，抢夺他们施法的神器！,,施法神器:2,,,zhongnanshan/yunzhongzi400,快去快回！,作为新人，你干的不错！,3000,500,,,310,,,,,huanyecun/huanyecun,zhongnanshan/yuzhudong
312,n,扫除败类,杀死烈火营地哨兵、烈火营地守卫各3名，完成后找玉柱洞练气士云中子复命,5,,人类,,,,zhongnanshan/yunzhongzi400,kill,1,杀死那些烈火营的败类！,烈火营地哨兵:3|烈火营地守卫:3,,,,zhongnanshan/yunzhongzi400,快去快回！,你又一次完成了任务？,4000,700,,,311,,,,,liehuoying/liehuobeishao,zhongnanshan/yuzhudong
313,n,马蹄,杀死烈火营地骑兵得到他们战马的马蹄铁4块，完成后找玉柱洞练气士云中子复命,5,,人类,,,,zhongnanshan/yunzhongzi400,find,1,我们要这些废铁做什么？总归会有用处的！,,马蹄铁:4,,,zhongnanshan/yunzhongzi400,快去快回！,作为新人，你干的不错！,6500,700,,,312,,,,,liehuoying/liehuobeishao,zhongnanshan/yuzhudong
314,n,龙鳞,杀死火焰幼龙、火焰龙得到火焰龙鳞5片，完成后找玉柱洞练气士云中子复命,5,,人类,,,,zhongnanshan/yunzhongzi400,find,1,火焰龙鳞？这些珍贵的材料，快去给我找一些吧！,,火焰龙鳞:5,,,zhongnanshan/yunzhongzi400,快去快回！,继续努力！,7500,700,,,313,,,,,liehuoying/liehuobeishao,zhongnanshan/yuzhudong
315,n,扫除败类,杀死冽风村民、寒风游民各5名，完成后找玉柱洞练气士云中子复命,8,,人类,,,,zhongnanshan/yunzhongzi400,kill,1,杀死那些冽风败类！,冽风村民:5|寒风游民:5,,,,zhongnanshan/yunzhongzi400,快去快回！,作为新人，你干的不错！,8000,1000,,,314,,,,,liefengcun/liefengcunkou,zhongnanshan/yuzhudong
316,n,鹰羽,杀死白色巨鹰得到白色鹰羽5根，完成后找玉柱洞练气士云中子复命,8,,人类,,,,zhongnanshan/yunzhongzi400,find,1,那些白色鹰羽正好配我的长袍！找些给我！,,白色鹰羽:5,,,zhongnanshan/yunzhongzi400,快去快回！,你又一次完成了任务？,9000,1000,,,315,,,,,liefengcun/liefengcunkou,zhongnanshan/yuzhudong
317,n,密信,杀死冽风骑兵、冽风守卫得到他们与妖魔互通的密信5封，完成后找玉柱洞练气士云中子复命,8,,人类,,,,zhongnanshan/yunzhongzi400,find,1,那些和敌人私通的败类！找出他们身上的密信带给我！,,密信:5,,,zhongnanshan/yunzhongzi400,快去快回！,作为新人，你干的不错！,10000,1000,,,316,,,,,liefengcun/liefengcunkou,zhongnanshan/yuzhudong
318,n,清理海岸,杀死绿海藻精1名，龙纹妖螺1个，完成后找声名山练气士吕岳复命,1,,妖魔,,,,jiulongdao/lvyue400,kill,1,新人，来第一次挑战吧！,绿海藻精:1|龙纹妖螺:1,,,,jiulongdao/lvyue400,快去快回！,作为新人，你干的不错！,150,300,,,,,,,,minglingzhihai/minglingqianhai,jiulongdao/shengmingshan
319,n,捕鱼,杀死尖牙利齿鱼，红鳞狂鱼各2条，完成后找声名山练气士吕岳复命,1,,妖魔,,,,jiulongdao/lvyue400,kill,1,杀死那些作孽的臭鱼！,尖牙利齿鱼:2|红鳞狂鱼:2,,,,jiulongdao/lvyue400,快去快回！,你又一次完成了任务？,450,300,,,318,,,,,minglingzhihai/minglingqianhai,jiulongdao/shengmingshan
320,n,清理海岸,杀死游荡蟹精3名，两栖岩螺3个，完成后找声名山练气士吕岳复命,3,,妖魔,,,,jiulongdao/lvyue400,kill,1,海岸上有一些作恶的败类，杀了他们！,游荡蟹精:3|两栖岩螺:3,,,,jiulongdao/lvyue400,快去快回！,作为新人，你干的不错！,900,500,,,319,,,,,shanyaohaiwan/shanliangshatan,jiulongdao/shengmingshan
321,n,扫除败类,杀死海湾守卫、海湾骑兵各3名，完成后找声名山练气士吕岳复命,3,,妖魔,,,,jiulongdao/lvyue400,kill,1,海湾上那些败类，杀了他们！,海湾守卫:3|海湾骑兵:3,,,,jiulongdao/lvyue400,快去快回！,作为新人，你干的不错！,1600,500,,,320,,,,,shanyaohaiwan/shanliangshatan,jiulongdao/shengmingshan
322,n,毒药,杀死黄沙蜥蜴得到蜥蜴毒3滴，完成后找声名山练气士吕岳复命,3,,妖魔,,,,jiulongdao/lvyue400,find,1,毒，对于我来说更有用，杀了那些蜥蜴，找到它们的蜥蜴毒！,,蜥蜴毒:3,,,jiulongdao/lvyue400,快去快回！,继续努力！,3000,500,,,321,,,,,shanyaohaiwan/shanliangshatan,jiulongdao/shengmingshan
323,n,扫除妖孽,杀死白骨骑士、骷髅妖兵各4名，完成后找声名山练气士吕岳复命,5,,妖魔,,,,jiulongdao/lvyue400,kill,1,骷髅岗那里不算太平，杀了那些只有骨头的人！,白骨骑士:4|骷髅妖兵:4,,,,jiulongdao/lvyue400,快去快回！,你又一次完成了任务？,4500,700,,,322,,,,,kulougang/feiqimaolu,jiulongdao/shengmingshan
324,n,魂之精粹,杀死游荡孤魂、尖啸惊魂得到5颗魂之精粹，完成后找声名山练气士吕岳复命,5,,妖魔,,,,jiulongdao/lvyue400,find,1,魂之精粹？！对于修行来说很有用处，去找些回来吧！,,魂之精粹:5,,,jiulongdao/lvyue400,快去快回！,作为新人，你干的不错！,6500,700,,,323,,,,,kulougang/feiqimaolu,jiulongdao/shengmingshan
325,n,孤魂,杀死枯骨精得到孤魂5颗，完成后找声名山练气士吕岳复命,5,,妖魔,,,,jiulongdao/lvyue400,find,1,收复那些孤魂！,,孤魂:5,,,jiulongdao/lvyue400,快去快回！,继续努力！,7500,700,,,324,,,,,kulougang/feiqimaolu,jiulongdao/shengmingshan
326,n,扫除妖孽,杀死游荡恶狼、金毛雄狮各5头，完成后找声名山练气士吕岳复命,8,,妖魔,,,,jiulongdao/lvyue400,kill,1,清除岛上那些作恶的畜生！,游荡恶狼:5|金毛雄狮:5,,,,jiulongdao/lvyue400,快去快回！,作为新人，你干的不错！,8000,1000,,,325,,,,,mihuandao/miwudukou,jiulongdao/shengmingshan
327,n,鳄鱼皮,杀死凶猛鳄鱼得到鳄鱼皮10张，完成后找声名山练气士吕岳复命,8,,妖魔,,,,jiulongdao/lvyue400,find,1,鳄鱼皮？正好可以给我做一件皮衣！,,鳄鱼皮:10,,,jiulongdao/lvyue400,快去快回！,你又一次完成了任务？,9000,1000,,,326,,,,,mihuandao/miwudukou,jiulongdao/shengmingshan
328,n,五彩尾翎,杀死白色巨鹰、杂毛朱雀得到五彩尾翎15根，完成后找声名山练气士吕岳复命,8,,妖魔,,,,jiulongdao/lvyue400,find,1,再给我漂亮的衣服上搭配些饰品！,,五彩尾翎:15,,,jiulongdao/lvyue400,快去快回！,作为新人，你干的不错！,10000,1000,,,327,,,,,mihuandao/miwudukou,jiulongdao/shengmingshan
329,n,云梦水滴,杀死云水小妖，得到云梦水滴20颗,58,,,,,,plhuanjing/jieyindaoren400,find,,云梦水滴---做药引子的极品，给我找些回来,,云梦水滴:20,,,plhuanjing/jieyindaoren400,速去速回吧！,做的不错，继续努力吧！,40000,10000,,,,,,,,null,null
330,n,醉梦花瓣,杀死花瓣小仙，得到醉梦花瓣20片,58,,,,,,plhuanjing/jieyindaoren400,find,,醉梦花瓣---另一味真贵药材，一并找来,,醉梦花瓣:20,,,plhuanjing/jieyindaoren400,速去速回吧！,做的不错，继续努力吧！,40000,10000,,,,,,,,null,null
331,n,小仙的清梦,杀死清梦小仙，偷去小仙的清梦20个,58,,,,,,plhuanjing/jieyindaoren400,find,,这些做梦的小仙们，杀了他们，偷来他们的清梦为我安眠！,,小仙的清梦:20,,,plhuanjing/jieyindaoren400,速去速回吧！,做的不错，继续努力吧！,40000,10000,,,,,,,,null,null
332,n,那些小卒,杀死魔幻小妖，飘叶小仙各30名,58,,,,,,plhuanjing/jieyindaoren400,kill,,这些小卒，扰我修行，杀了他们,魔幻小妖:30|飘叶小仙:31,,,,plhuanjing/jieyindaoren400,速去速回吧！,做的不错，继续努力吧！,40000,10000,,,,,,,,null,null
333,n,透明的翅膀,杀死轻盈小妖，得到透明的翅膀20对,58,,,,,,plhuanjing/jieyindaoren400,find,,这些透明的翅膀让我着迷，给我找来！,,透明的翅膀:20,,,plhuanjing/jieyindaoren400,速去速回吧！,做的不错，继续努力吧！,40000,10000,,,,,,,,null,null
334,n,收复怨念,杀死邪恶怨念30个,60,,,,,,plhuanjing/jieyindaoren400,kill,,那些邪恶的怨念，杀了他们！,邪恶怨念:30,,,,plhuanjing/jieyindaoren400,速去速回吧！,做的不错，继续努力吧！,42000,10000,,,,,,,,null,null
335,n,血灵,杀死嗜血精灵，得到血灵20颗,60,,,,,,plhuanjing/jieyindaoren400,find,,这味药，需要多少灵魂？！今天你就帮我找来血灵吧！,,血灵:20,,,plhuanjing/jieyindaoren400,速去速回吧！,做的不错，继续努力吧！,42000,10000,,,,,,,,null,null
336,n,苦修精粹,杀死飘渺苦行者，幽影清修者，得到苦修精粹20颗,60,,,,,,plhuanjing/jieyindaoren400,find,,苦修的精粹是我安定我元神的妙物，速速找来！,,苦修精粹:20,,,plhuanjing/jieyindaoren400,速去速回吧！,做的不错，继续努力吧！,42000,10000,,,,,,,,null,null
337,n,那些鬼魂,杀死幽白鬼影，无影幽魂各30名,60,,,,,,plhuanjing/jieyindaoren400,kill,,那些鬼魂，让我不得安宁，快去杀了他们！,幽白鬼影:30|无影幽魂:30,,,,plhuanjing/jieyindaoren400,速去速回吧！,做的不错，继续努力吧！,42000,10000,,,,,,,,null,null
338,n,野兽的气息,杀死猛虎幽魂，狂豹幽魂，得到猛兽的气息20丝,62,,,,,,plhuanjing/jieyindaoren400,find,,这味药，需要2种气息，先去找来猛兽的气息吧！,,猛兽的气息:20,,,plhuanjing/jieyindaoren400,速去速回吧！,做的不错，继续努力吧！,44000,10000,,,,,,,,null,null
339,n,飞禽的气息,杀死蝙蝠幽魂，猎鹰幽魂，得到飞禽的气息20丝,62,,,,,,plhuanjing/jieyindaoren400,find,,很好，再去找来飞禽的气息！,,飞禽的气息:20,,,plhuanjing/jieyindaoren400,速去速回吧！,做的不错，继续努力吧！,44000,10000,,,338,,,,,null,null
340,n,黯白毛皮,杀死黯白雪狼，得到黯白毛皮20张,62,,,,,,plhuanjing/jieyindaoren400,find,,雪狼的毛皮是我的最爱，顺便给我找来！,,黯白毛皮:20,,,plhuanjing/jieyindaoren400,速去速回吧！,做的不错，继续努力吧！,44000,10000,,,,,,,,null,null
341,n,霜莹狼魂,杀死幽灵恐狼，得到霜莹狼魂20颗,62,,,,,,plhuanjing/jieyindaoren400,find,,第二种灵魂---霜莹狼魂，去找来吧！,,霜莹狼魂:20,,,plhuanjing/jieyindaoren400,速去速回吧！,做的不错，继续努力吧！,44000,10000,,,335,,,,,null,null
342,n,幽魂梦精华,杀死紫梦幽魂，得到幽魂梦精华20颗,64,,,,,,plhuanjing/jieyindaoren400,find,,这药需要3种精华，先去找来幽魂梦精华吧！,,幽魂梦精华:20,,,plhuanjing/jieyindaoren400,速去速回吧！,做的不错，继续努力吧！,46000,10000,,,,,,,,null,null
343,n,幽魂云精华,杀死云夜幽魂，得到幽魂云精华20颗,64,,,,,,plhuanjing/jieyindaoren400,find,,第二种精华---幽魂云精华，速去速回！,,幽魂云精华:20,,,plhuanjing/jieyindaoren400,速去速回吧！,做的不错，继续努力吧！,46000,10000,,,342,,,,,null,null
344,n,幽魂雾精华,杀死迷雾幽魂，得到幽魂雾精华20颗,64,,,,,,plhuanjing/jieyindaoren400,find,,幽魂雾精华---第三种精华，快去吧！,,幽魂雾精华:20,,,plhuanjing/jieyindaoren400,速去速回吧！,做的不错，继续努力吧！,46000,10000,,,343,,,,,null,null
345,n,仙之雨露,杀死雨露仙，得到仙之雨露20滴,64,,,,,,plhuanjing/jieyindaoren400,find,,三种露，先去找仙之雨露吧！,,仙之雨露:20,,,plhuanjing/jieyindaoren400,速去速回吧！,做的不错，继续努力吧！,46000,10000,,,,,,,,null,null
346,n,仙之花露,杀死花露仙，得到仙之花露20滴,64,,,,,,plhuanjing/jieyindaoren400,find,,第二种仙露:花露，快去吧！,,仙之花露:20,,,plhuanjing/jieyindaoren400,速去速回吧！,做的不错，继续努力吧！,46000,10000,,,345,,,,,null,null
347,n,仙之寒露,杀死寒露仙，得到仙之寒露20滴,64,,,,,,plhuanjing/jieyindaoren400,find,,最后一种:寒露，就在寒露仙身上，快快拿来！,,仙之寒露:20,,,plhuanjing/jieyindaoren400,速去速回吧！,做的不错，继续努力吧！,46000,10000,,,346,,,,,null,null
348,n,花斑鹿皮,杀死花鹿幽魂，得到花斑鹿皮20张,66,,,,,,plhuanjing/jieyindaoren400,find,,哦，花斑鹿皮！我看燃灯道人那里很美的鹿皮，你也去给我找些回来！,,花斑鹿皮:20,,,plhuanjing/jieyindaoren400,速去速回吧！,做的不错，继续努力吧！,48000,10000,,,,,,,,null,null
349,n,霜魂,杀死落霜妖，得到霜魂20颗,66,,,,,,plhuanjing/jieyindaoren400,find,,霜魂---这是第三种灵魂，快去找找！,,霜魂:20,,,plhuanjing/jieyindaoren400,速去速回吧！,做的不错，继续努力吧！,48000,10000,,,341,,,,,null,null
350,n,萦语片段,杀死萦语水妖，得到萦语片段20段,66,,,,,,plhuanjing/jieyindaoren400,find,,那些萦语水妖似乎有些微词，去搜罗他们的只言片语！,,萦语片段:20,,,plhuanjing/jieyindaoren400,速去速回吧！,做的不错，继续努力吧！,48000,10000,,,,,,,,null,null
351,n,铃兰花露蜜,杀死铃兰花仙，得到铃兰花露蜜20瓶,66,,,,,,plhuanjing/jieyindaoren400,find,,铃兰花露蜜是这药最关键的材料，快去找找~,,铃兰花露蜜:20,,,plhuanjing/jieyindaoren400,速去速回吧！,做的不错，继续努力吧！,48000,10000,,,,,,,,null,null
352,n,那些弱者,杀死净水狂妖，花雨妖精各30名,66,,,,,,plhuanjing/jieyindaoren400,kill,,顺路杀了那些无用的家伙！,净水狂妖:30|花雨妖精:30,,,,plhuanjing/jieyindaoren400,速去速回吧！,做的不错，继续努力吧！,48000,10000,,,,,,,,null,null
353,n,噬骨毒液,杀死噬骨妖，得到噬骨毒液20瓶,68,,,,,,plhuanjing/jieyindaoren400,find,,毒，历来也是药中不可缺少的东西！噬骨毒液更是毒中之毒！,,噬骨毒液:20,,,plhuanjing/jieyindaoren400,速去速回吧！,做的不错，继续努力吧！,50000,10000,,,,,,,,null,null
354,n,冰雪花,杀死落雪仙，冰凝水妖，得到冰雪花20朵,68,,,,,,plhuanjing/jieyindaoren400,find,,冰雪花，既是冰仙冰妖的元神所在，也是这药必不可少的一种材料，为了它，杀了他们，取回冰雪花！,,冰雪花:20,,,plhuanjing/jieyindaoren400,速去速回吧！,做的不错，继续努力吧！,50000,10000,,,,,,,,null,null
355,n,紫色藤蔓,杀死藤蔓女妖，得到紫色藤蔓20条,68,,,,,,plhuanjing/jieyindaoren400,find,,紫色藤蔓，对了！还有紫色藤蔓！这重要的原料，差点忘记了！,,紫色藤蔓:20,,,plhuanjing/jieyindaoren400,速去速回吧！,做的不错，继续努力吧！,50000,10000,,,,,,,,null,null
356,n,风露水,杀死倾风露水仙，得到风露水20瓶,68,,,,,,plhuanjing/jieyindaoren400,find,,风露水，这调和的原料，快去快回！,,风露水:20,,,plhuanjing/jieyindaoren400,速去速回吧！,做的不错，继续努力吧！,50000,10000,,,,,,,,null,null
357,n,燃烧仙灵,杀死浴火仙，得到燃烧仙灵20颗,68,,,,,,plhuanjing/jieyindaoren400,find,,最后一种灵魂，仙的灵魂，那熊熊火焰不熄的燃烧灵魂，就是他！浴火仙！杀了他们，拿回这最后的药材！,,燃烧仙灵:20,,,plhuanjing/jieyindaoren400,速去速回吧！,用这些奇药做出的仙丹，也送你一些！还有这枚奖章！你的勇气和能力已经得到肯定，未来的路自己走吧！,50000,10000,liandan/weiwoduzun:1,,349,,,,,null,null
358,n,幽魂之梦精华,杀死紫梦幽魂，得到幽魂之梦精华10颗,64,,,,,,plhuanjing/zhuntidaoren400,find,,你可以交付幽魂之梦精华，以获得更多的经验！,,幽魂之梦精华:10,,,plhuanjing/zhuntidaoren400,速去速回吧！,干的不错，继续努力！,10000,,,1,342,,,,,null,null
359,n,幽魂之云精华,杀死云夜幽魂，得到幽魂之云精华10颗,64,,,,,,plhuanjing/zhuntidaoren400,find,,你可以交付幽魂之云精华，以获得更多的经验。,,幽魂之云精华:10,,,plhuanjing/zhuntidaoren400,速去速回吧！,干的不错，继续努力！,20000,,,1,343,,,,,null,null
360,n,幽魂之雾精华,杀死迷雾幽魂，得到幽魂之雾精华10颗,64,,,,,,plhuanjing/zhuntidaoren400,find,,你可以交付幽魂之雾精华，以获得更多的经验,,幽魂之雾精华:10,,,plhuanjing/zhuntidaoren400,速去速回吧！,干的不错，继续努力！,30000,,,1,344,,,,,null,null
361,n,仙凝雨露,杀死雨露仙，得到仙凝雨露10滴,64,,,,,,plhuanjing/zhuntidaoren400,find,,你可以交付仙凝雨露，以获得更多的经验,,仙凝雨露:10,,,plhuanjing/zhuntidaoren400,速去速回吧！,干的不错，继续努力！,10000,,,1,345,,,,,null,null
362,n,仙凝花露,杀死花露仙，得到仙凝花露10滴,64,,,,,,plhuanjing/zhuntidaoren400,find,,你可以交付仙凝花露，以获得更多的经验,,仙凝花露:10,,,plhuanjing/zhuntidaoren400,速去速回吧！,干的不错，继续努力！,20000,,,1,346,,,,,null,null
363,n,仙凝寒露,杀死寒露仙，得到仙凝寒露10滴,64,,,,,,plhuanjing/zhuntidaoren400,find,,你可以交付咸宁寒露，以获得更多的经验,,仙凝寒露:10,,,plhuanjing/zhuntidaoren400,速去速回吧！,干的不错，继续努力！,30000,,,1,347,,,,,null,null
