1,duanzao,d_weapon,【卷轴】残破的重剑,上面记载了残破的重剑的制造方法,peifang/duanzao/p_canpodezhongjian,1,0
2,duanzao,m_weapon,【卷轴】锈铁剑,上面记载了锈铁剑的制造方法,peifang/duanzao/p_xiutiejian,5,15
3,duanzao,s_weapon,【卷轴】破铜剑,上面记载了破铜剑的制造方法,peifang/duanzao/p_potongjian,5,15
4,duanzao,d_weapon,【卷轴】石巨剑,上面记载了石巨剑的制造方法,peifang/duanzao/p_shijujian,5,15
5,duanzao,m_weapon,【卷轴】青铜剑,上面记载了青铜剑的制造方法,peifang/duanzao/p_qingtongjian,9,30
6,duanzao,s_weapon,【卷轴】羊角匕首,上面记载了羊角匕首的制造方法,peifang/duanzao/p_yangjiaobishou,9,30
7,duanzao,m_weapon,【卷轴】火精剑,上面记载了火精剑的制造方法,peifang/duanzao/p_huojingjian,13,45
8,duanzao,s_weapon,【卷轴】含光匕首,上面记载了含光匕首的制造方法,peifang/duanzao/p_hanguangbishou,13,45
9,duanzao,d_weapon,【卷轴】镇山剑,上面记载了镇山剑的制造方法,peifang/duanzao/p_zhenshanjian,13,45
10,duanzao,m_weapon,【卷轴】断水剑,上面记载了断水剑的制造方法,peifang/duanzao/p_duanshuijian,17,60
11,duanzao,s_weapon,【卷轴】转魂匕首,上面记载了转魂匕首的制造方法,peifang/duanzao/p_zhuanhunbishou,17,60
12,duanzao,d_weapon,【卷轴】四尺千金剑,上面记载了四尺千金剑的制造方法,peifang/duanzao/p_sichiqianjinjian,17,60
13,duanzao,m_weapon,【卷轴】碧空长剑,上面记载了碧空长剑的制造方法,peifang/duanzao/p_bikuangchangjian,17,60
14,duanzao,m_weapon,【卷轴】青云剑,上面记载了青云剑的制造方法,peifang/duanzao/p_qingyunjian,21,75
15,duanzao,s_weapon,【卷轴】赤血匕首,上面记载了赤血匕首的制造方法,peifang/duanzao/p_chixiebishou,21,75
16,duanzao,d_weapon,【卷轴】雁翅刀,上面记载了雁翅刀的制造方法,peifang/duanzao/p_yanchidao,21,75
17,duanzao,m_weapon,【卷轴】白鹿刀,上面记载了白鹿刀的制造方法,peifang/duanzao/p_bailudao,25,90
18,duanzao,s_weapon,【卷轴】玉把刀,上面记载了玉把刀的制造方法,peifang/duanzao/p_yubadao,25,90
19,duanzao,d_weapon,【卷轴】安陵古剑,上面记载了安陵古剑的制造方法,peifang/duanzao/p_anlinggujian,25,90
20,duanzao,m_weapon,【卷轴】龙渊宝剑,上面记载了龙渊宝剑的制造方法,peifang/duanzao/p_longyuanbaojian,29,105
21,duanzao,s_weapon,【卷轴】毒牙匕首,上面记载了毒牙匕首的制造方法,peifang/duanzao/p_duyabishou,29,105
22,duanzao,d_weapon,【卷轴】突云长剑,上面记载了突云长剑的制造方法,peifang/duanzao/p_tuyunchangjian,29,105
23,duanzao,m_weapon,【卷轴】百胜刀,上面记载了百胜刀的制造方法,peifang/duanzao/p_baishengdao,33,120
24,duanzao,s_weapon,【卷轴】芒牙匕首,上面记载了芒牙匕首的制造方法,peifang/duanzao/p_mangyabishou,33,120
25,duanzao,d_weapon,【卷轴】掩日巨剑,上面记载了掩日巨剑的制造方法,peifang/duanzao/p_zherijujian,33,120
26,duanzao,m_weapon,【卷轴】耀龙剑,上面记载了耀龙剑的制造方法,peifang/duanzao/p_yaolongjian,37,135
27,duanzao,s_weapon,【卷轴】驱凤剑,上面记载了驱凤剑的制造方法,peifang/duanzao/p_qufengjian,37,135
28,duanzao,d_weapon,【卷轴】巨阙剑,上面记载了巨阙剑的制造方法,peifang/duanzao/p_juquejian,37,135
29,duanzao,m_weapon,【卷轴】湛卢剑,上面记载了湛卢剑的制造方法,peifang/duanzao/p_zhanlujian,41,140
30,duanzao,s_weapon,【卷轴】灵宝匕首,上面记载了灵宝匕首的制造方法,peifang/duanzao/p_lingbaobishou,41,140
31,duanzao,d_weapon,【卷轴】王刀百辟,上面记载了王刀百辟的制造方法,peifang/duanzao/p_wangdaobaipi,41,140
32,duanzao,m_weapon,【卷轴】真火剑,上面记载了真火剑的制造方法,peifang/duanzao/p_zhenhuojian,41,140
33,duanzao,m_weapon,【卷轴】照日流光剑,上面记载了照日流光剑的制造方法,peifang/duanzao/p_zhaoriliuguangjian,45,145
34,duanzao,s_weapon,【卷轴】定光剑,上面记载了定光剑的制造方法,peifang/duanzao/p_dingguangjian,45,145
35,duanzao,d_weapon,【卷轴】六合纯阳剑,上面记载了六合纯阳剑的制造方法,peifang/duanzao/p_liuhechunyangjian,45,145
36,duanzao,m_weapon,【卷轴】巫术匕首,上面记载了巫术匕首的制造方法,peifang/duanzao/p_wushubishou,45,145
37,duanzao,m_weapon,【卷轴】干将,上面记载了干将的制造方法,peifang/duanzao/p_ganjiang,49,150
38,duanzao,s_weapon,【卷轴】莫邪,上面记载了莫邪的制造方法,peifang/duanzao/p_moxie,49,150
39,duanzao,d_weapon,【卷轴】神剑赤霄,上面记载了神剑赤霄的制造方法,peifang/duanzao/p_shenjianchixiao,49,150
40,duanzao,m_weapon,【卷轴】万里起云烟,上面记载了万里起云烟的制造方法,peifang/duanzao/p_wanliqiyunyan,49,150
41,duanzao,armor,【卷轴】精刚手腕,上面记载了精刚手腕的制造方法,peifang/duanzao/p_jinggangshouwan,14,15
42,duanzao,armor,【卷轴】银丝手套,上面记载了银丝手套的制造方法,peifang/duanzao/p_yinsishoutao,14,15
43,duanzao,armor,【卷轴】虎头靴,上面记载了虎头靴的制造方法,peifang/duanzao/p_hutouxue,14,15
44,duanzao,armor,【卷轴】精刚盔,上面记载了精刚盔的制造方法,peifang/duanzao/p_jinggangkui,14,15
45,duanzao,armor,【卷轴】锁链护腿,上面记载了锁链护腿的制造方法,peifang/duanzao/p_suolianhutui,14,15
46,duanzao,armor,【卷轴】燕翎甲,上面记载了燕翎甲的制造方法,peifang/duanzao/p_yanlingjia,14,15
47,duanzao,armor,【卷轴】巨力护腕,上面记载了巨力护腕的制造方法,peifang/duanzao/p_julihuwan,18,30
48,duanzao,armor,【卷轴】百战手套,上面记载了百战手套的制造方法,peifang/duanzao/p_baizhanshoutao,18,30
49,duanzao,armor,【卷轴】践踏重靴,上面记载了践踏重靴的制造方法,peifang/duanzao/p_jiantazhongxue,18,30
50,duanzao,armor,【卷轴】冲云盔,上面记载了冲云盔的制造方法,peifang/duanzao/p_chongyunkui,18,30
51,duanzao,armor,【卷轴】冲击护腿,上面记载了冲击护腿的制造方法,peifang/duanzao/p_chongjihutui,18,30
52,duanzao,armor,【卷轴】龙纹战甲,上面记载了龙纹战甲的制造方法,peifang/duanzao/p_longwenzhanjia,18,30
53,duanzao,armor,【卷轴】钒铁手腕,上面记载了钒铁手腕的制造方法,peifang/duanzao/p_fantieshouwan,22,45
54,duanzao,armor,【卷轴】碎石手套,上面记载了碎石手套的制造方法,peifang/duanzao/p_suishishoutao,22,45
55,duanzao,armor,【卷轴】碎石重靴,上面记载了碎石重靴的制造方法,peifang/duanzao/p_suishizhongxue,22,45
56,duanzao,armor,【卷轴】钒铁盔,上面记载了钒铁盔的制造方法,peifang/duanzao/p_fantiekui,22,45
57,duanzao,armor,【卷轴】钒铁护腿,上面记载了钒铁护腿的制造方法,peifang/duanzao/p_fantiehutui,22,45
58,duanzao,armor,【卷轴】钒铁战甲,上面记载了钒铁战甲的制造方法,peifang/duanzao/p_fantiezhanjia,22,45
59,duanzao,armor,【卷轴】细银护腕,上面记载了细银护腕的制造方法,peifang/duanzao/p_xiyinhuwan,26,60
60,duanzao,armor,【卷轴】细银手套,上面记载了细银手套的制造方法,peifang/duanzao/p_xiyinshoutao,26,60
61,duanzao,armor,【卷轴】细银重靴,上面记载了细银重靴的制造方法,peifang/duanzao/p_xiyinzhongxue,26,60
62,duanzao,armor,【卷轴】白骨面具,上面记载了白骨面具的制造方法,peifang/duanzao/p_baigumianju,26,60
63,duanzao,armor,【卷轴】白骨腿甲,上面记载了白骨腿甲的制造方法,peifang/duanzao/p_baigutuijia,26,60
64,duanzao,armor,【卷轴】白骨链甲,上面记载了白骨链甲的制造方法,peifang/duanzao/p_baigulianjia,26,60
65,duanzao,armor,【卷轴】锁日铁腕,上面记载了锁日铁腕的制造方法,peifang/duanzao/p_suoritiewan,30,75
66,duanzao,armor,【卷轴】锁日手套,上面记载了锁日手套的制造方法,peifang/duanzao/p_suorishoutao,30,75
67,duanzao,armor,【卷轴】伏魔重靴,上面记载了伏魔重靴的制造方法,peifang/duanzao/p_fumozhongxue,30,75
68,duanzao,armor,【卷轴】锁日头盔,上面记载了锁日头盔的制造方法,peifang/duanzao/p_suoritoukui,30,75
69,duanzao,armor,【卷轴】伏魔护腿,上面记载了伏魔护腿的制造方法,peifang/duanzao/p_fumohutui,30,75
70,duanzao,armor,【卷轴】伏魔战甲,上面记载了伏魔战甲的制造方法,peifang/duanzao/p_fumozhanjia,30,75
71,duanzao,armor,【卷轴】末日护腕,上面记载了末日护腕的制造方法,peifang/duanzao/p_morihuwan,34,90
72,duanzao,armor,【卷轴】力量手套,上面记载了力量手套的制造方法,peifang/duanzao/p_liliangshoutao,34,90
73,duanzao,armor,【卷轴】末日重靴,上面记载了末日重靴的制造方法,peifang/duanzao/p_morizhongxue,34,90
74,duanzao,armor,【卷轴】末日头盔,上面记载了末日头盔的制造方法,peifang/duanzao/p_moritoukui,34,90
75,duanzao,armor,【卷轴】力量护腿,上面记载了力量护腿的制造方法,peifang/duanzao/p_lilianghutui,34,90
76,duanzao,armor,【卷轴】力量胸甲,上面记载了力量胸甲的制造方法,peifang/duanzao/p_liliangxiongjia,34,90
77,duanzao,armor,【卷轴】擒妖铁腕,上面记载了擒妖铁腕的制造方法,peifang/duanzao/p_qinyaotiewan,38,105
78,duanzao,armor,【卷轴】擒妖手套,上面记载了擒妖手套的制造方法,peifang/duanzao/p_qinyaoshoutao,38,105
79,duanzao,armor,【卷轴】封仙重靴,上面记载了封仙重靴的制造方法,peifang/duanzao/p_fengxianzhongxue,38,105
80,duanzao,armor,【卷轴】凌云盔,上面记载了凌云盔的制造方法,peifang/duanzao/p_lingyunkui,38,105
81,duanzao,armor,【卷轴】封仙护腿,上面记载了封仙护腿的制造方法,peifang/duanzao/p_fengxianhutui,38,105
82,duanzao,armor,【卷轴】封仙甲,上面记载了封仙甲的制造方法,peifang/duanzao/p_fengxianjia,38,105
83,duanzao,armor,【卷轴】裂魂手腕,上面记载了裂魂手腕的制造方法,peifang/duanzao/p_liehunshouwan,42,120
84,duanzao,armor,【卷轴】裂魂手套,上面记载了裂魂手套的制造方法,peifang/duanzao/p_liehunshoutao,42,120
85,duanzao,armor,【卷轴】裂魂重靴,上面记载了裂魂重靴的制造方法,peifang/duanzao/p_liehunzhongxue,42,120
86,duanzao,armor,【卷轴】魔王盔,上面记载了魔王盔的制造方法,peifang/duanzao/p_mowangkui,42,120
87,duanzao,armor,【卷轴】破胆护腿,上面记载了破胆护腿的制造方法,peifang/duanzao/p_podanhutui,42,120
88,duanzao,armor,【卷轴】破胆胸甲,上面记载了破胆胸甲的制造方法,peifang/duanzao/p_podanxiongjia,42,120
89,duanzao,armor,【卷轴】龙纹铁腕,上面记载了龙纹铁腕的制造方法,peifang/duanzao/p_longwentiewan,46,135
90,duanzao,armor,【卷轴】龙筋手套,上面记载了龙筋手套的制造方法,peifang/duanzao/p_longjinshoutao,46,135
91,duanzao,armor,【卷轴】龙爪重靴,上面记载了龙爪重靴的制造方法,peifang/duanzao/p_longzhuazhongxue,46,135
92,duanzao,armor,【卷轴】龙影盔,上面记载了龙影盔的制造方法,peifang/duanzao/p_longyingkui,46,135
93,duanzao,armor,【卷轴】龙鳞护腿,上面记载了龙鳞护腿的制造方法,peifang/duanzao/p_longlinghutui,46,135
94,duanzao,armor,【卷轴】龙魂战甲,上面记载了龙魂战甲的制造方法,peifang/duanzao/p_longhunzhanjia,46,135
95,duanzao,m_weapon,【卷轴】诛仙剑,上面记载了【宝】诛仙剑的制造方法,peifang/duanzao/p_zhuxianjian,50,150
96,duanzao,s_weapon,【卷轴】戮仙剑,上面记载了【宝】戮仙剑的制造方法,peifang/duanzao/p_tuxianjian,50,150
97,duanzao,d_weapon,【卷轴】绝仙剑,上面记载了【宝】绝仙剑的制造方法,peifang/duanzao/p_juexianjian,50,150
98,duanzao,m_weapon,【卷轴】陷仙剑,上面记载了【宝】陷仙剑的制造方法,peifang/duanzao/p_xianxianjian,50,150
99,duanzao,armor,【卷轴】冰晶凝神盔,上面记载了【宝】冰晶凝神盔的制造方法,peifang/duanzao/p_bingjingningshenkui,50,150
100,duanzao,armor,【卷轴】八宝琉璃铠,上面记载了【宝】八宝琉璃铠的制造方法,peifang/duanzao/p_babaoliulikai,50,150
1,liandan,attri_base,【配方】蛮力丹,上面记载了蛮力丹的制造方法,peifang/liandan/p_shenlidan,1,0
2,liandan,attri_base,【配方】急速丹,上面记载了急速丹的制造方法,peifang/liandan/p_jisudan,1,0
3,liandan,attri_base,【配方】聪慧散,上面记载了聪慧散的制造方法,peifang/liandan/p_conghuisan,1,0
4,liandan,attri_vice,【配方】造化丹,上面记载了造化丹的制造方法,peifang/liandan/p_zaohuadan,1,10
5,liandan,attri_vice,【配方】怒火丹,上面记载了怒火丹的制造方法,peifang/liandan/p_nuhuodan,1,10
6,liandan,attri_vice,【配方】清眼散,上面记载了清眼散的制造方法,peifang/liandan/p_qingyansan,1,10
7,liandan,attri_defend,【配方】养生散,上面记载了养生散的制造方法,peifang/liandan/p_yangshengsan,1,20
8,liandan,attri_defend,【配方】清扬丹,上面记载了清扬丹的制造方法,peifang/liandan/p_qingyangdan,1,20
9,liandan,attri_defend,【配方】硬化散,上面记载了硬化散的制造方法,peifang/liandan/p_yinghuasan,1,20
10,liandan,attri_attack,【配方】破法丹,上面记载了破法丹的制造方法,peifang/liandan/p_pofadan,1,30
11,liandan,attri_attack,【配方】灭魂丹,上面记载了灭魂丹的制造方法,peifang/liandan/p_miehundan,1,30
12,liandan,spec,【配方】影药,上面记载了影药的制造方法,peifang/liandan/p_yingyao,15,15
14,liandan,attri_base,【配方】巨力丹,上面记载了巨力丹的制造方法,peifang/liandan/p_julidan,10,30
15,liandan,attri_base,【配方】神行丹,上面记载了神行丹的制造方法,peifang/liandan/p_shenxingdan,10,30
16,liandan,attri_base,【配方】神智丹,上面记载了神智丹的制造方法,peifang/liandan/p_shenzhidan,10,30
17,liandan,attri_vice,【配方】云雾散,上面记载了云雾散的制造方法,peifang/liandan/p_yunwusan,10,30
18,liandan,attri_vice,【配方】烨火丹,上面记载了烨火丹的制造方法,peifang/liandan/p_yehuodan,10,30
19,liandan,attri_vice,【配方】明眼散,上面记载了明眼散的制造方法,peifang/liandan/p_mingyansan,10,30
20,liandan,attri_defend,【配方】回生散,上面记载了回生散的制造方法,peifang/liandan/p_huishengsan,10,40
21,liandan,attri_defend,【配方】精心散,上面记载了精心散的制造方法,peifang/liandan/p_jingxinsan,10,40
22,liandan,attri_defend,【配方】石化散,上面记载了石化散的制造方法,peifang/liandan/p_shihuasan,10,40
23,liandan,attri_attack,【配方】炼法丹,上面记载了炼法丹的制造方法,peifang/liandan/p_lianfadan,10,50
24,liandan,attri_attack,【配方】散魂丹,上面记载了散魂丹的制造方法,peifang/liandan/p_sanhundan,10,50
25,liandan,attri_base,【配方】神力丹,上面记载了神力丹的制造方法,peifang/liandan/p_shenlidan,20,50
26,liandan,attri_base,【配方】神速丹,上面记载了神速丹的制造方法,peifang/liandan/p_shensudan,20,50
27,liandan,attri_base,【配方】愚智散,上面记载了愚智散的制造方法,peifang/liandan/p_yuzhisan,20,50
28,liandan,attri_vice,【配方】清风散,上面记载了清风散的制造方法,peifang/liandan/p_qingfengsan,20,50
29,liandan,attri_vice,【配方】天火丹,上面记载了天火丹的制造方法,peifang/liandan/p_tianhuodan,20,50
30,liandan,attri_vice,【配方】神眼丹,上面记载了神眼丹的制造方法,peifang/liandan/p_shenyandan,20,50
31,liandan,attri_defend,【配方】再生丹,上面记载了再生丹的制造方法,peifang/liandan/p_zaishengdan,20,60
32,liandan,attri_defend,【配方】净心丹,上面记载了净心丹的制造方法,peifang/liandan/p_jinxindan,20,60
33,liandan,attri_defend,【配方】金刚丹,上面记载了金刚丹的制造方法,peifang/liandan/p_jingangdan,20,60
34,liandan,attri_attack,【配方】燃法丹,上面记载了燃法丹的制造方法,peifang/liandan/p_ranfadan,20,70
35,liandan,attri_attack,【配方】碎魂丹,上面记载了碎魂丹的制造方法,peifang/liandan/p_suihundan,20,70
36,liandan,attri_base,【配方】龙力丹,上面记载了龙力丹的制造方法,peifang/liandan/p_longlidan,30,70
37,liandan,attri_base,【配方】藏天露,上面记载了藏天露的制造方法,peifang/liandan/p_cangtianlu,30,70
38,liandan,attri_base,【配方】神羽散,上面记载了神羽散的制造方法,peifang/liandan/p_shenyusan,30,70
39,liandan,attri_vice,【配方】影之力,上面记载了影之力的制造方法,peifang/liandan/p_yingzhili,30,80
40,liandan,attri_vice,【配方】神之力,上面记载了神之力的制造方法,peifang/liandan/p_shenzhili,30,80
41,liandan,attri_vice,【配方】鬼之力,上面记载了鬼之力的制造方法,peifang/liandan/p_guizhili,30,80
42,liandan,attri_defend,【配方】回魂丹,上面记载了回魂丹的制造方法,peifang/liandan/p_huihundan,30,90
43,liandan,attri_defend,【配方】三仙露,上面记载了三仙露的制造方法,peifang/liandan/p_sanxianlu,30,90
44,liandan,attri_defend,【配方】兽王丹,上面记载了兽王丹的制造方法,peifang/liandan/p_shouwangdan,30,90
45,liandan,attri_attack,【配方】七窍丹,上面记载了七窍丹的制造方法,peifang/liandan/p_qiqiaodan,30,100
46,liandan,attri_attack,【配方】燃魂丹,上面记载了燃魂丹的制造方法,peifang/liandan/p_ranhundan,30,100
47,liandan,attri_base,【配方】龙魂丹,上面记载了龙魂丹的制造方法,peifang/liandan/p_longhundan,40,110
48,liandan,attri_base,【配方】逆天露,上面记载了逆天露的制造方法,peifang/liandan/p_nitianlu,40,110
49,liandan,attri_base,【配方】凤羽散,上面记载了凤羽散的制造方法,peifang/liandan/p_fengyusan,40,110
50,liandan,attri_vice,【配方】魔影之力,上面记载了魔影之力的制造方法,peifang/liandan/p_moyingzhili,40,120
51,liandan,attri_vice,【配方】鬼神之力,上面记载了鬼神之力的制造方法,peifang/liandan/p_guishenzhili,40,120
52,liandan,attri_vice,【配方】冥鬼之力,上面记载了冥鬼之力的制造方法,peifang/liandan/p_mingguizhili,40,120
53,liandan,attri_defend,【配方】大回魂丹,上面记载了大回魂丹的制造方法,peifang/liandan/p_dahuihundan,40,130
54,liandan,attri_defend,【配方】九天仙露,上面记载了九天仙露的制造方法,peifang/liandan/p_jiutianxianlu,40,130
55,liandan,attri_defend,【配方】兽神丹,上面记载了兽神丹的制造方法,peifang/liandan/p_shoushendan,40,130
56,liandan,attri_attack,【配方】玲珑丹,上面记载了玲珑丹的制造方法,peifang/liandan/p_linglongdan,40,140
57,liandan,attri_attack,【配方】冥魂丹,上面记载了冥魂丹的制造方法,peifang/liandan/p_minghundan,40,140
58,liandan,attri_vice,【配方】血凤衔,上面记载了【仙丹】血凤衔的制造方法,peifang/liandan/p_xiefengxian,45,150
59,liandan,attri_defend,【配方】玉琼浆,上面记载了【仙丹】玉琼浆的制造方法,peifang/liandan/p_yuqiongjiang,45,150
60,liandan,attri_attack,【配方】菩提子,上面记载了【仙丹】菩提子的制造方法,peifang/liandan/p_putizi,45,150
61,liandan,attri_attack,【配方】众仙醉,上面记载了【仙丹】众仙醉的制造方法,peifang/liandan/p_zhongxianzui,45,150
62,liandan,normal,【配方】行军丹,上面记载了行军丹的制造方法,peifang/liandan/p_xingjundan,1,1
63,liandan,normal,【配方】紫金丹,上面记载了紫金丹的制造方法,peifang/liandan/p_zijindan,10,30
64,liandan,normal,【配方】回神丹,上面记载了回神丹的制造方法,peifang/liandan/p_huishendan,20,60
65,liandan,normal,【配方】延命丹,上面记载了延命丹的制造方法,peifang/liandan/p_yanmingdan,30,90
66,liandan,normal,【配方】回魂丹,上面记载了回魂丹的制造方法,peifang/liandan/p_huihundan,40,120
67,liandan,normal,【配方】返元露,上面记载了返元露的制造方法,peifang/liandan/p_fanyuanlu,1,1
68,liandan,normal,【配方】混元露,上面记载了混元露的制造方法,peifang/liandan/p_hunyuanlu,10,30
69,liandan,normal,【配方】归元露,上面记载了归元露的制造方法,peifang/liandan/p_guiyuanlu,20,60
70,liandan,normal,【配方】九转仙灵露,上面记载了九转仙灵露的制造方法,peifang/liandan/p_jiuzhuanxianlinglu,30,90
71,liandan,normal,【配方】灵华露,上面记载了灵华露的制造方法,peifang/liandan/p_linghualu,40,120
1,caifeng,head,【图样】粗布帽,上面记载了粗布帽的制造方法,peifang/caifeng/p_2cubumao,2,0
2,caifeng,cloth,【图样】粗布衣,上面记载了粗布衣的制造方法,peifang/caifeng/p_2cubuyi,2,0
3,caifeng,thou,【图样】粗布长裤,上面记载了粗布长裤的制造方法,peifang/caifeng/p_2cubuchangku,2,0
4,caifeng,head,【图样】青丝头巾,上面记载了青丝头巾的制造方法,peifang/caifeng/p_6qingsichoutoujin,6,0
5,caifeng,cloth,【图样】青布长衫,上面记载了青布长衫的制造方法,peifang/caifeng/p_6qingbuchangshan,6,0
6,caifeng,thou,【图样】青布裤,上面记载了青布裤的制造方法,peifang/caifeng/p_6qingbuku,6,0
7,caifeng,head,【图样】鹿皮帽,上面记载了鹿皮帽的制造方法,peifang/caifeng/p_10lupimao,10,0
8,caifeng,cloth,【图样】锦绣长袍,上面记载了锦绣长袍的制造方法,peifang/caifeng/p_10jingxiuchangpao,10,0
9,caifeng,thou,【图样】白绸裤,上面记载了白绸裤的制造方法,peifang/caifeng/p_10baichouku,10,0
10,caifeng,waste,【图样】青云护腕,上面记载了青云护腕的制造方法,peifang/caifeng/p_14qingyunhuwan,14,15
11,caifeng,hand,【图样】透指魔套,上面记载了透指魔套的制造方法,peifang/caifeng/p_14touzhimotao,14,15
12,caifeng,shoes,【图样】聪慧便鞋,上面记载了聪慧便鞋的制造方法,peifang/caifeng/p_14conghuibianxie,14,15
13,caifeng,head,【图样】聪慧头饰,上面记载了聪慧头饰的制造方法,peifang/caifeng/p_14chonghuitoushi,14,15
14,caifeng,thou,【图样】青云长裤,上面记载了青云长裤的制造方法,peifang/caifeng/p_14qingyunchangku,14,15
15,caifeng,cloth,【图样】青云杉,上面记载了青云杉的制造方法,peifang/caifeng/p_14qingyunshan,14,15
16,caifeng,waste,【图样】灵气护腕,上面记载了灵气护腕的制造方法,peifang/caifeng/p_18lingqihuwan,18,30
17,caifeng,hand,【图样】流光手套,上面记载了流光手套的制造方法,peifang/caifeng/p_18liuguangshoutao,18,30
18,caifeng,shoes,【图样】灵气长靴,上面记载了灵气长靴的制造方法,peifang/caifeng/p_18lingqichangxue,18,30
19,caifeng,head,【图样】咒术师头带,上面记载了咒术师头带的制造方法,peifang/caifeng/p_18zhoushushitoudai,18,30
20,caifeng,thou,【图样】咒术师长裤,上面记载了咒术师长裤的制造方法,peifang/caifeng/p_18zhoushushichangku,18,30
21,caifeng,cloth,【图样】咒术师长袍,上面记载了咒术师长袍的制造方法,peifang/caifeng/p_18zhoushushichangpao,18,30
22,caifeng,waste,【图样】秘法护腕,上面记载了秘法护腕的制造方法,peifang/caifeng/p_22mifahushou,22,45
23,caifeng,hand,【图样】秘法手套,上面记载了秘法手套的制造方法,peifang/caifeng/p_22mifashoutao,22,45
24,caifeng,shoes,【图样】巫毒长靴,上面记载了巫毒长靴的制造方法,peifang/caifeng/p_22wuduchangxue,22,45
25,caifeng,head,【图样】秘法头带,上面记载了秘法头带的制造方法,peifang/caifeng/p_22mifatoudai,22,45
26,caifeng,thou,【图样】巫毒长裤,上面记载了巫毒长裤的制造方法,peifang/caifeng/p_22wuduchangku,22,45
27,caifeng,cloth,【图样】巫毒法袍,上面记载了巫毒法袍的制造方法,peifang/caifeng/p_22wudufapao,22,45
28,caifeng,waste,【图样】咒法护腕,上面记载了咒法护腕的制造方法,peifang/caifeng/p_26zhoufahuwan,26,60
29,caifeng,hand,【图样】咒法手套,上面记载了咒法手套的制造方法,peifang/caifeng/p_26zhoufashoutao,26,60
30,caifeng,shoes,【图样】荧光长靴,上面记载了荧光长靴的制造方法,peifang/caifeng/p_26yingguangchangxue,26,60
31,caifeng,head,【图样】咒法头饰,上面记载了咒法头饰的制造方法,peifang/caifeng/p_26zhoufatoushi,26,60
32,caifeng,thou,【图样】荧光长裤,上面记载了荧光长裤的制造方法,peifang/caifeng/p_26yingguangchangku,26,60
33,caifeng,cloth,【图样】荧光外套,上面记载了荧光外套的制造方法,peifang/caifeng/p_26yingguangwaitao,26,60
34,caifeng,waste,【图样】魔丝护腕,上面记载了魔丝护腕的制造方法,peifang/caifeng/p_30mosihuwan,30,75
35,caifeng,hand,【图样】魔丝手套,上面记载了魔丝手套的制造方法,peifang/caifeng/p_30mosishoutao,30,75
36,caifeng,shoes,【图样】奥法长靴,上面记载了奥法长靴的制造方法,peifang/caifeng/p_30aofachangxue,30,75
37,caifeng,head,【图样】魔丝头冠,上面记载了魔丝头冠的制造方法,peifang/caifeng/p_30mositouguan,30,75
38,caifeng,thou,【图样】奥法长裤,上面记载了奥法长裤的制造方法,peifang/caifeng/p_30aofachangku,30,75
39,caifeng,cloth,【图样】奥法长袍,上面记载了奥法长袍的制造方法,peifang/caifeng/p_30aofachangpao,30,75
40,caifeng,waste,【图样】流云护腕,上面记载了流云护腕的制造方法,peifang/caifeng/p_34liuyunhuwan,34,90
41,caifeng,hand,【图样】流云手套,上面记载了流云手套的制造方法,peifang/caifeng/p_34liuyunshoutao,34,90
42,caifeng,shoes,【图样】冥火长靴,上面记载了冥火长靴的制造方法,peifang/caifeng/p_34minghuochangxue,34,90
43,caifeng,head,【图样】流云头带,上面记载了流云头带的制造方法,peifang/caifeng/p_34liuyuntoudai,34,90
44,caifeng,thou,【图样】冥火长裤,上面记载了冥火长裤的制造方法,peifang/caifeng/p_34minghuochangku,34,90
45,caifeng,cloth,【图样】冥火长袍,上面记载了冥火长袍的制造方法,peifang/caifeng/p_34minghuochangpao,34,90
46,caifeng,waste,【图样】冰凌护腕,上面记载了冰凌护腕的制造方法,peifang/caifeng/p_38binglinghuwan,38,105
47,caifeng,hand,【图样】冰凌手套,上面记载了冰凌手套的制造方法,peifang/caifeng/p_38binglingshoutao,38,105
48,caifeng,shoes,【图样】霜华长靴,上面记载了霜华长靴的制造方法,peifang/caifeng/p_38shuanghuachangxue,38,105
49,caifeng,head,【图样】冰凌头饰,上面记载了冰凌头饰的制造方法,peifang/caifeng/p_38binglingtoushi,38,105
50,caifeng,thou,【图样】霜华长裤,上面记载了霜华长裤的制造方法,peifang/caifeng/p_38shuanghuachangku,38,105
51,caifeng,cloth,【图样】霜华法袍,上面记载了霜华法袍的制造方法,peifang/caifeng/p_38shuanghuafapao,38,105
52,caifeng,waste,【图样】冰炎护腕,上面记载了冰炎护腕的制造方法,peifang/caifeng/p_42bingyanhuwan,42,120
53,caifeng,hand,【图样】冰炎手套,上面记载了冰炎手套的制造方法,peifang/caifeng/p_42bingyanshoutao,42,120
54,caifeng,shoes,【图样】七彩流光靴,上面记载了七彩流光靴的制造方法,peifang/caifeng/p_42qicailiuguangxue,42,120
55,caifeng,head,【图样】冰炎头冠,上面记载了冰炎头冠的制造方法,peifang/caifeng/p_42bingyantouguan,42,120
56,caifeng,thou,【图样】七彩流光长裤,上面记载了七彩流光长裤的制造方法,peifang/caifeng/p_42qicailiuguangchangku,42,120
57,caifeng,cloth,【图样】七彩流光外套,上面记载了七彩流光外套的制造方法,peifang/caifeng/p_42qicailiuguangwaitao,42,120
58,caifeng,waste,【图样】虚空护腕,上面记载了虚空护腕的制造方法,peifang/caifeng/p_46xukonghuwan,46,135
59,caifeng,hand,【图样】幻像手套,上面记载了幻像手套的制造方法,peifang/caifeng/p_46huanxiangshoutao,46,135
60,caifeng,shoes,【图样】踏梦长靴,上面记载了踏梦长靴的制造方法,peifang/caifeng/p_46tamengchangxue,46,135
61,caifeng,head,【图样】冥想头饰,上面记载了冥想头饰的制造方法,peifang/caifeng/p_46mingxiangtoushi,46,135
62,caifeng,thou,【图样】灵空长裤,上面记载了灵空长裤X的制造方法,peifang/caifeng/p_46lingkongchangpao,46,135
63,caifeng,cloth,【图样】幻法长袍,上面记载了幻法长袍的制造方法,peifang/caifeng/p_46huanfachangpao,46,135
1,zhijia,shoes,【图纸】草鞋,上面记载了草鞋的制造方法,peifang/zhijia/t_2caoxie,2,0
2,zhijia,waste,【图纸】棉布护腕,上面记载了棉布护腕的制造方法,peifang/zhijia/t_2mianbuhuwan,2,0
3,zhijia,hand,【图纸】破布手套,上面记载了破布手套的制造方法,peifang/zhijia/t_2pobushoutao,2,0
4,zhijia,shoes,【图纸】硬皮靴,上面记载了硬皮靴的制造方法,peifang/zhijia/t_6yingpixue,6,0
5,zhijia,waste,【图纸】软皮护腕,上面记载了软皮护腕的制造方法,peifang/zhijia/t_6ruanpihuwan,6,0
6,zhijia,hand,【图纸】细线手套,上面记载了细线手套的制造方法,peifang/zhijia/t_6sixianshoutao,6,0
7,zhijia,shoes,【图纸】鹿皮靴,上面记载了鹿皮靴的制造方法,peifang/zhijia/t_10lupixue,10,0
8,zhijia,waste,【图纸】鹿皮护腕,上面记载了鹿皮护腕的制造方法,peifang/zhijia/t_10lupihuwan,10,0
9,zhijia,hand,【图纸】盘丝手套,上面记载了盘丝手套的制造方法,peifang/zhijia/t_10pansishoutao,10,0
10,zhijia,waste,【图纸】夜色护腕,上面记载了夜色护腕的制造方法,peifang/zhijia/t_14yesehuwan,14,15
11,zhijia,hand,【图纸】漆黑手套,上面记载了漆黑手套的制造方法,peifang/zhijia/t_14qiheishoutao,14,15
12,zhijia,shoes,【图纸】黑夜长靴,上面记载了黑夜长靴的制造方法,peifang/zhijia/t_14heiyechangxue,14,15
13,zhijia,head,【图纸】夜色头带,上面记载了夜色头带的制造方法,peifang/zhijia/t_14yesetoudai,14,15
14,zhijia,thou,【图纸】夜色长裤,上面记载了夜色长裤的制造方法,peifang/zhijia/t_14yesechangku,14,15
15,zhijia,cloth,【图纸】夜色外套,上面记载了夜色外套的制造方法,peifang/zhijia/t_14yesewaitao,14,15
16,zhijia,waste,【图纸】敏捷护腕,上面记载了敏捷护腕的制造方法,peifang/zhijia/t_18mjiehuwan,18,30
17,zhijia,hand,【图纸】羽燕手套,上面记载了羽燕手套的制造方法,peifang/zhijia/t_18yuyanshoutao,18,30
18,zhijia,shoes,【图纸】隐匿长靴,上面记载了隐匿长靴的制造方法,peifang/zhijia/t_18yinnichangxue,18,30
19,zhijia,head,【图纸】飞鸟头冠,上面记载了飞鸟头冠的制造方法,peifang/zhijia/t_18feiniaotouguan,18,30
20,zhijia,thou,【图纸】羽燕长裤,上面记载了羽燕长裤的制造方法,peifang/zhijia/t_18yuyanchangku,18,30
21,zhijia,cloth,【图纸】羽燕外套,上面记载了羽燕外套的制造方法,peifang/zhijia/t_18yuyanwaitao,18,30
22,zhijia,waste,【图纸】轻羽护腕,上面记载了轻羽护腕的制造方法,peifang/zhijia/t_22qingyuhuwan,22,45
23,zhijia,hand,【图纸】轻羽手套,上面记载了轻羽手套的制造方法,peifang/zhijia/t_22qingyushoutao,22,45
24,zhijia,shoes,【图纸】暗语长靴,上面记载了暗语长靴的制造方法,peifang/zhijia/t_22anyuchangxue,22,45
25,zhijia,head,【图纸】轻羽头饰,上面记载了轻羽头饰的制造方法,peifang/zhijia/t_22qingyutoushi,22,45
26,zhijia,thou,【图纸】暗语长裤,上面记载了暗语长裤的制造方法,peifang/zhijia/t_22anyuchangku,22,45
27,zhijia,cloth,【图纸】暗语外套,上面记载了暗语外套的制造方法,peifang/zhijia/t_22anyuwaitao,22,45
28,zhijia,waste,【图纸】刺客护腕,上面记载了刺客护腕的制造方法,peifang/zhijia/t_26cikehuwan,26,60
29,zhijia,hand,【图纸】刺客手套,上面记载了刺客手套的制造方法,peifang/zhijia/t_26cikeshoutao,26,60
30,zhijia,shoes,【图纸】噩梦长靴,上面记载了噩梦长靴的制造方法,peifang/zhijia/t_26emengchangxue,26,60
31,zhijia,head,【图纸】刺客头带,上面记载了刺客头带的制造方法,peifang/zhijia/t_26ciketoudai,26,60
32,zhijia,thou,【图纸】噩梦长裤,上面记载了噩梦长裤的制造方法,peifang/zhijia/t_26emengchangku,26,60
33,zhijia,cloth,【图纸】噩梦外衣,上面记载了噩梦外衣的制造方法,peifang/zhijia/t_26emengwaiyi,26,60
34,zhijia,waste,【图纸】闪光护腕,上面记载了闪光护腕的制造方法,peifang/zhijia/t_30shanguanghuwan,30,75
35,zhijia,hand,【图纸】闪光手套,上面记载了闪光手套的制造方法,peifang/zhijia/t_30shanguangshoutai,30,75
36,zhijia,shoes,【图纸】幻影长靴,上面记载了幻影长靴的制造方法,peifang/zhijia/t_30huanyingchangxue,30,75
37,zhijia,head,【图纸】闪光头饰,上面记载了闪光头饰的制造方法,peifang/zhijia/t_30shanguangtoushi,30,75
38,zhijia,thou,【图纸】幻影长裤,上面记载了幻影长裤的制造方法,peifang/zhijia/t_30huanyingchangku,30,75
39,zhijia,cloth,【图纸】幻影外套,上面记载了幻影外套的制造方法,peifang/zhijia/t_30huanyingwaitao,30,75
40,zhijia,waste,【图纸】黑幕护腕,上面记载了黑幕护腕的制造方法,peifang/zhijia/t_34heimuhuwan,34,90
41,zhijia,hand,【图纸】黑幕手套,上面记载了黑幕手套的制造方法,peifang/zhijia/t_34heimushoutao,34,90
42,zhijia,shoes,【图纸】魅影长靴,上面记载了魅影长靴的制造方法,peifang/zhijia/t_34meiyingchangxue,34,90
43,zhijia,head,【图纸】黑幕头带,上面记载了黑幕头带的制造方法,peifang/zhijia/t_34heimutoudai,34,90
44,zhijia,thou,【图纸】魅影长裤,上面记载了魅影长裤的制造方法,peifang/zhijia/t_34meiyingchangku,34,90
45,zhijia,cloth,【图纸】魅影外衣,上面记载了魅影外衣的制造方法,peifang/zhijia/t_34meiyingwaiyi,34,90
46,zhijia,waste,【图纸】搜魂护腕,上面记载了搜魂护腕的制造方法,peifang/zhijia/t_38souhunhuwan,38,105
47,zhijia,hand,【图纸】搜魂手套,上面记载了搜魂手套的制造方法,peifang/zhijia/t_38souhunshoutao,38,105
48,zhijia,shoes,【图纸】化雾长靴,上面记载了化雾长靴的制造方法,peifang/zhijia/t_38huawuchangxue,38,105
49,zhijia,head,【图纸】搜魂头饰,上面记载了搜魂头饰的制造方法,peifang/zhijia/t_38souhuntoushi,38,105
50,zhijia,thou,【图纸】化雾长裤,上面记载了化雾长裤的制造方法,peifang/zhijia/t_38huawuchangku,38,105
51,zhijia,cloth,【图纸】化雾外套,上面记载了化雾外套的制造方法,peifang/zhijia/t_38huawuwaitao,38,105
52,zhijia,waste,【图纸】轻风护腕,上面记载了轻风护腕的制造方法,peifang/zhijia/t_42qingfenghuwan,42,120
53,zhijia,hand,【图纸】轻风手套,上面记载了轻风手套的制造方法,peifang/zhijia/t_42qingfengshoutao,42,120
54,zhijia,shoes,【图纸】苍狼长靴,上面记载了苍狼长靴的制造方法,peifang/zhijia/t_42canglangchangxue,42,120
55,zhijia,head,【图纸】轻风头饰,上面记载了轻风头饰的制造方法,peifang/zhijia/t_42qingfengtoushi,42,120
56,zhijia,thou,【图纸】苍狼长裤,上面记载了苍狼长裤的制造方法,peifang/zhijia/t_42canglangchangku,42,120
57,zhijia,cloth,【图纸】苍狼外套,上面记载了苍狼外套的制造方法,peifang/zhijia/t_42canglangwaitao,42,120
58,zhijia,waste,【图纸】暮色护腕,上面记载了暮色护腕的制造方法,peifang/zhijia/t_46musehuwan,46,135
59,zhijia,hand,【图纸】破梦手套,上面记载了破梦手套的制造方法,peifang/zhijia/t_46pomengshoutao,46,135
60,zhijia,shoes,【图纸】耳语长靴,上面记载了耳语长靴的制造方法,peifang/zhijia/t_46eryuchangxue,46,135
61,zhijia,head,【图纸】血月头饰,上面记载了血月头饰的制造方法,peifang/zhijia/t_46xieyuetoushi,46,135
62,zhijia,thou,【图纸】御风长裤,上面记载了御风长裤的制造方法,peifang/zhijia/t_46yufengchangku,46,135
63,zhijia,cloth,【图纸】妖灵外衣,上面记载了妖灵外衣的制造方法,peifang/zhijia/t_46yaolingwaiyi,46,135
